,BarCon_mean,BarCon_std,BarCon_25_quant,BarCon_50_quant,BarCon_75_quant,BarCon_skw,BarCon_kts,BarSta_mean,BarSta_std,BarSta_25_quant,BarSta_50_quant,BarSta_75_quant,BarSta_skw,BarSta_kts,BeatsC_mean,BeatsC_std,BeatsC_25_quant,BeatsC_50_quant,BeatsC_75_quant,BeatsC_skw,BeatsC_kts,BeatsS_mean,BeatsS_std,BeatsS_25_quant,BeatsS_50_quant,BeatsS_75_quant,BeatsS_skw,BeatsS_kts,SC_mean,SC_std,SC_25_quant,SC_50_quant,SC_75_quant,SC_skw,SC_kts,SS_mean,SS_std,SS_25_quant,SS_50_quant,SS_75_quant,SS_skw,SS_kts,SLM_mean,SLM_std,SLM_25_quant,SLM_50_quant,SLM_75_quant,SLM_skw,SLM_kts,SLMT_mean,SLMT_std,SLMT_25_quant,SLMT_50_quant,SLMT_75_quant,SLMT_skw,SLMT_kts,SLS_mean,SLS_std,SLS_25_quant,SLS_50_quant,SLS_75_quant,SLS_skw,SLS_kts,TC_mean,TC_std,TC_25_quant,TC_50_quant,TC_75_quant,TC_skw,TC_kts,TS_mean,TS_std,TS_25_quant,TS_50_quant,TS_75_quant,TS_skw,TS_kts
BarCon_mean,1.0,0.378920089511,0.944500457418,0.963527450713,0.970248238353,-0.836851292942,-0.210731736932,-0.0269238530862,-0.0275551133076,-0.0307906150923,-0.0267786770191,-0.0255906802053,-0.00301639165468,-0.00570837754587,0.103095892842,0.0644096363379,0.0969830718058,0.102426247367,0.105773052695,-0.083215876662,0.0585682686296,-0.0269238530862,-0.0275551133076,-0.0307906150923,-0.0267786770191,-0.0255906802053,-0.00301639165468,-0.00570837754587,0.077475221185,-0.0287600651919,0.0946371110659,0.0791976537304,0.0590231382749,-0.0837804852688,0.0813664789614,-0.0289898329493,-0.0287813071865,-0.0306483539773,-0.0267233959408,-0.0271385673776,-0.0352783893507,-0.0157439767673,-0.108445336905,0.0166890925296,-0.105358511635,-0.106375474458,-0.109276392339,0.0559309307613,-0.0300345144711,-0.00262309105781,-0.00904181784452,0.0351113372365,0.0103486347974,-0.00316568236718,0.0239832735214,0.0287974730438,-0.152433191558,0.0281064388967,-0.147547097873,-0.149092087271,-0.148884179619,0.0729451984321,-0.0408381552473,0.0686107437747,0.0584770897943,0.0533979397212,0.0715647332732,0.0755404554575,-0.0655370110305,0.0211767221508,-0.032856562336,-0.0331682074618,-0.0323740951586,-0.0327735073126,-0.0329326790876,-0.0140525481151,0.00435183370336
BarCon_std,0.378920089511,1.0,0.0873966668714,0.156404523014,0.469552522699,-0.181375985082,-0.253461995791,0.195760126342,0.197800896321,0.191646282056,0.195944457397,0.196857448963,-0.0199608078739,0.0103269176526,0.0243366578025,0.151733681374,0.00297580618972,0.0269576894639,0.0444325411172,0.000467545685099,0.0017799110348,0.195760126342,0.197800896321,0.191646282056,0.195944457397,0.196857448963,-0.0199608078739,0.0103269176526,-0.013664982003,-0.00825559486353,-0.0060844944566,-0.0130661295733,-0.0181501691528,0.0119024474786,0.061331816054,0.194681911792,0.194501214511,0.186125961565,0.193389530781,0.195382404137,-0.00892367453883,-0.00385154342429,-0.0462404754884,0.0753910926704,-0.063725658478,-0.037488484024,-0.0203196553946,0.126426983322,-0.0963366722146,0.0584904683426,0.0759667333473,-0.0238441239471,-0.00320997554201,0.0350726976809,0.0964554240582,0.0848478279897,-0.0961514393759,0.127864210856,-0.118633146646,-0.0843518145882,-0.0614711744954,0.128740969208,-0.0963092504003,-0.0110324870229,0.148264637588,-0.0608746964088,-0.00878724864107,0.0315365176288,0.00596595092314,0.0155375441732,0.195385015871,0.195483985817,0.195329797366,0.195247469082,0.1953617698,0.0078686205724,0.027557749409
BarCon_25_quant,0.944500457418,0.0873966668714,1.0,0.973984279948,0.861357468692,-0.800817438825,-0.088563119983,-0.10165114816,-0.10301742293,-0.104014831173,-0.101544839675,-0.100691163115,-0.00168712541713,-0.00494057224349,0.107757070263,0.024432695537,0.110811767854,0.106584721052,0.103728083218,-0.0956193639557,0.0581552936239,-0.10165114816,-0.10301742293,-0.104014831173,-0.101544839675,-0.100691163115,-0.00168712541713,-0.00494057224349,0.0821364168983,-0.0214711891166,0.0953705620634,0.0832847242506,0.0664302484589,-0.0864920490902,0.0563194994759,-0.103554191101,-0.103372134534,-0.101996895124,-0.100615152842,-0.101914159424,-0.0339281760445,-0.0141559845702,-0.102656078638,-0.00543408655343,-0.0934711342921,-0.103185285866,-0.112287694691,0.0168420684493,0.000429454820611,-0.0175260611329,-0.0350431512188,0.0544390095793,0.0205612632103,-0.00806400039375,-0.00896129397966,0.000474611939174,-0.126526201609,-0.0143313889315,-0.113896779494,-0.126997408604,-0.134677129441,0.0339519500955,-0.0115298527634,0.0647620692438,0.0135071260075,0.063839630913,0.0670105140191,0.0594525835028,-0.0608094513399,0.0112197811754,-0.107685273154,-0.108104800951,-0.107045425761,-0.107559069828,-0.107776179612,-0.0181326623479,-0.00195281354614
BarCon_50_quant,0.963527450713,0.156404523014,0.973984279948,1.0,0.911114459747,-0.849637032338,-0.173385708282,-0.0773281678046,-0.0787371431289,-0.080194986089,-0.077299211449,-0.0762202807978,0.00264170668415,-0.000286897480435,0.0840260734269,0.0463483618604,0.0801008009715,0.0846407514617,0.0853727037907,-0.0730914607023,0.0489469405275,-0.0773281678046,-0.0787371431289,-0.080194986089,-0.077299211449,-0.0762202807978,0.00264170668415,-0.000286897480435,0.0736767857,-0.0347041481051,0.0915041363148,0.0759494328119,0.0550724083417,-0.08044105721,0.070455384013,-0.0799431853947,-0.0798511552345,-0.0791103560578,-0.0772141938199,-0.078406965496,-0.0329810838185,-0.00763484765598,-0.121719823189,0.00298517027329,-0.113767253041,-0.12158962226,-0.128915598805,0.0375265107325,-0.0124402842536,-0.00603089792042,-0.0188844326572,0.0534666176163,0.0229092410824,-0.0010933932486,0.00733113073448,0.0122876843807,-0.152299252577,-0.000915795828959,-0.140899920487,-0.151548932657,-0.157053292226,0.052773909812,-0.0230690964514,0.0589274209677,0.0202748414202,0.055443498905,0.0628592606688,0.0576942816324,-0.0671196150464,0.0195725878851,-0.0838816658258,-0.0842890041101,-0.0833250402223,-0.0837620305413,-0.0839764167544,-0.0150473448978,-0.00148910224431
BarCon_75_quant,0.970248238353,0.469552522699,0.861357468692,0.911114459747,1.0,-0.853126321582,-0.308193966763,0.00113555008485,0.000724170114178,-0.00351583263164,0.00136689397168,0.00261387243947,-0.000303737149806,-0.0149739048391,0.0817329125974,0.0759430798282,0.0725444512014,0.0816785968976,0.0880356186776,-0.0644410068681,0.0498983061715,0.00113555008485,0.000724170114178,-0.00351583263164,0.00136689397168,0.00261387243947,-0.000303737149806,-0.0149739048391,0.0689727413794,-0.0370036234227,0.0892236667256,0.0714362230124,0.0487665932156,-0.076718928964,0.0907381503538,-0.000972610863107,-0.000726489069436,-0.00373917935611,0.000935952982074,0.000923143332469,-0.0353425548461,-0.0131128259457,-0.112970839643,0.0248769734137,-0.112154274502,-0.11025840044,-0.110429633367,0.0708408384025,-0.040053136861,0.00608822022452,0.00512053148793,0.0283607630396,0.00693440180396,-6.11467853018e-05,0.0382195796525,0.0404768200735,-0.163728778537,0.0416866520988,-0.161303390968,-0.159478127888,-0.156255284944,0.0857820324317,-0.0482097272374,0.0655757710095,0.0685868767573,0.0470020746866,0.0692090901603,0.0767411442596,-0.0693671905694,0.0261645120368,-0.00472533941554,-0.00501218324504,-0.00430950125948,-0.00464275606987,-0.0048000987593,-0.0134610160803,0.00790416788096
BarCon_skw,-0.836851292942,-0.181375985082,-0.800817438825,-0.849637032338,-0.853126321582,1.0,0.453203379599,0.109137827587,0.110551631307,0.112118247942,0.108892135398,0.108143238599,-0.00930287685006,0.0433633475057,0.0261980071623,0.00309700249588,0.0256126682914,0.0247134261795,0.0251071504755,0.019872867526,-0.0442329392748,0.109137827587,0.110551631307,0.112118247942,0.108892135398,0.108143238599,-0.00930287685006,0.0433633475057,-0.018655438087,0.0510496013001,-0.0386480995331,-0.0210408207464,-0.00253264134187,0.027065511914,-0.0738409176325,0.110813983318,0.111241982346,0.107959172722,0.107696182688,0.109526437071,0.0319993737579,-0.0076413142919,0.175392490364,-0.0173607991984,0.168498165804,0.177490679834,0.181044868323,-0.0648672964239,0.0208069129829,-0.049564816523,-0.0075836686545,-0.105595965991,-0.0765432797661,-0.0522087397112,0.00407704135893,0.0010132808098,0.186032444201,0.00501790000805,0.173978279684,0.186770133836,0.191665196724,-0.0664555389016,0.024669884181,0.00933513713966,0.0205372410343,0.00712568959347,0.00380091088087,0.00832337421124,0.0398074966317,-0.0253348992808,0.11494062936,0.115424074748,0.114303804847,0.114797478244,0.115076211685,0.0128501747428,-0.00167954139212
BarCon_kts,-0.210731736932,-0.253461995791,-0.088563119983,-0.173385708282,-0.308193966763,0.453203379599,1.0,0.0356476888891,0.0355354524555,0.0380888970626,0.0353728735976,0.0349987377508,-0.00942169777741,0.0523086088507,0.10025297069,-0.0286348565626,0.107011759653,0.0961330849905,0.0888867965344,-0.136289925235,0.273153585731,0.0356476888891,0.0355354524555,0.0380888970626,0.0353728735976,0.0349987377508,-0.00942169777741,0.0523086088507,0.0494233613698,0.0103703407864,0.0469280700783,0.0493838298116,0.0465439502712,-0.0505240785405,-0.0183441376665,0.0352648119139,0.0347374098407,0.0361518757411,0.0332639677627,0.034404507733,0.0131666516243,-0.00286451930135,0.0888715602681,-0.0186412154345,0.08734986838,0.0868393979463,0.0871259513995,-0.0506589300247,0.0240269438762,-0.0643163517542,-0.0179488752868,-0.0598842828984,-0.0600900348371,-0.0606105587237,-0.00300582117605,0.000769514302493,0.0801187102517,-0.0315421554741,0.0821609655639,0.0790720232387,0.0733642327804,-0.044586553382,0.0221579316094,0.0681516409858,0.00324201666334,0.0726868216696,0.0631292486213,0.0538990437819,-0.0583300588258,0.0354983246374,0.0371766731615,0.0372466081801,0.0370846770382,0.0371510359822,0.0372104593915,1.7930432268e-06,-0.00298113497877
BarSta_mean,-0.0269238530862,0.195760126342,-0.10165114816,-0.0773281678046,0.00113555008485,0.109137827587,0.0356476888891,1.0,0.999107662129,0.997965087332,0.99967304341,0.999807185434,-0.0268799739003,0.0430516582478,0.0640615512384,0.0544484283583,0.0520712568849,0.061577090328,0.070060645881,-0.0210334346852,0.0343814671511,1.0,0.999107662129,0.997965087332,0.99967304341,0.999807185434,-0.0268799739003,0.0430516582478,0.0938551089154,0.0252473465997,0.091060240465,0.0897970601307,0.0907369324539,-0.0758625369099,-0.00374611860801,0.9939109358,0.994513497798,0.95634301381,0.985751120413,0.994128900705,-0.0155644654788,-0.139674819277,0.116927235575,0.0586345093025,0.0861091766523,0.126205235174,0.155439058896,0.15350062681,-0.151125055198,-0.193300598309,-0.00614584986975,-0.303467349621,-0.287599941375,-0.228406818235,0.280728949763,0.268012768993,0.00719930745681,0.177488422332,-0.0380232454541,0.0243434554075,0.0655291868207,0.203796657292,-0.187078919729,0.175747523863,0.329785374795,0.0853068893726,0.160989549399,0.232918684595,-0.0267603291174,-0.00254108147222,0.999581833951,0.999351137633,0.999121809232,0.999516120844,0.999540494377,-0.0289480841973,0.0164289179684
BarSta_std,-0.0275551133076,0.197800896321,-0.10301742293,-0.0787371431289,0.000724170114178,0.110551631307,0.0355354524555,0.999107662129,1.0,0.994795605345,0.998369634722,0.999578273483,-0.00889148680709,0.0330191457154,0.066055229734,0.0539676162931,0.0541488450883,0.0635052989051,0.0718810642469,-0.0227655904158,0.0352526078769,0.999107662129,1.0,0.994795605345,0.998369634722,0.999578273483,-0.00889148680709,0.0330191457154,0.0961720052167,0.0261804911956,0.0932810630458,0.0920425942453,0.0929336974251,-0.0780410518688,-0.00387376835649,0.993774306634,0.994999570896,0.955352864544,0.985521040186,0.994267288232,-0.0140085279124,-0.141839611029,0.121453777471,0.0553431746277,0.0908199121914,0.130549060155,0.159428818626,0.151081988499,-0.149423730892,-0.196565030049,-0.011993895431,-0.306451346433,-0.290399673582,-0.230975568831,0.27408850487,0.262281585902,0.0104204190511,0.176279218627,-0.0347122566949,0.0275237354071,0.0684766050292,0.201867492932,-0.185690816361,0.178692271671,0.331484158825,0.0880476974386,0.163776815282,0.235739257313,-0.0277194863527,-0.00236983445698,0.99942654758,0.999651106514,0.998407006055,0.999266982625,0.999552650184,-0.0194668003307,0.00950511092897
BarSta_25_quant,-0.0307906150923,0.191646282056,-0.104014831173,-0.080194986089,-0.00351583263164,0.112118247942,0.0380888970626,0.997965087332,0.994795605345,1.0,0.997959000785,0.996822803165,-0.0507731148583,0.0722708973051,0.0617723882262,0.055234571135,0.0496836105601,0.0594036349394,0.0679924084538,-0.0191594889772,0.0332567989755,0.997965087332,0.994795605345,1.0,0.997959000785,0.996822803165,-0.0507731148583,0.0722708973051,0.0902326831816,0.0245995898898,0.0873540773849,0.0862655663339,0.0875031944887,-0.0723384510069,-0.00359077647706,0.991066848963,0.990860235301,0.954829532523,0.983063915955,0.990891745594,-0.0171481918323,-0.135801358262,0.110841563681,0.0632782923489,0.0797195009464,0.120372194549,0.150116738465,0.15649887744,-0.153188526337,-0.188000208876,0.000476864072272,-0.298319624268,-0.282529517861,-0.223687388428,0.286470252634,0.272669012799,0.00322795363149,0.179005392409,-0.0421036440699,0.0203947284638,0.061872628178,0.205912151278,-0.18857812544,0.171062536861,0.326893626901,0.0810106908699,0.15653473212,0.228304944595,-0.0248990292612,-0.00280150484691,0.996746459412,0.995953371151,0.997109542869,0.996765061952,0.996483683551,-0.039848801525,0.0303070903746
BarSta_50_quant,-0.0267786770191,0.195944457397,-0.101544839675,-0.077299211449,0.00136689397168,0.108892135398,0.0353728735976,0.99967304341,0.998369634722,0.997959000785,1.0,0.999303337929,-0.0424577101211,0.0430781840017,0.0638985183053,0.0545536970829,0.0518946165309,0.0614207118144,0.0699218171936,-0.0209916274035,0.0342170479114,0.99967304341,0.998369634722,0.997959000785,1.0,0.999303337929,-0.0424577101211,0.0430781840017,0.0935303773497,0.0252847923011,0.0907004393944,0.0894634173559,0.0904494303627,-0.0755970429267,-0.00390752553842,0.993282082426,0.993771773288,0.955873423331,0.985193081292,0.993442510324,-0.0161736634636,-0.139263825025,0.116786584462,0.0586854515578,0.0859924350662,0.126127410874,0.155299992792,0.153520468608,-0.151149463274,-0.192883458793,-0.00569789191091,-0.303004028686,-0.287079522482,-0.227971177353,0.280511987597,0.26777872869,0.00727075269399,0.177398792217,-0.0379397899766,0.0244380402958,0.065578431867,0.203735583323,-0.187130372052,0.175401273584,0.329515743865,0.0850107640198,0.160691868474,0.232566235502,-0.0266042422994,-0.00251985717296,0.998966711504,0.998644485413,0.998584310217,0.999013741368,0.998887929265,-0.0358988203338,0.0172979059865
BarSta_75_quant,-0.0255906802053,0.196857448963,-0.100691163115,-0.0762202807978,0.00261387243947,0.108143238599,0.0349987377508,0.999807185434,0.999578273483,0.996822803165,0.999303337929,1.0,-0.0222626480915,0.0339649195164,0.0647780208501,0.05424892829,0.0528221241617,0.0622725022061,0.0707078606291,-0.0216429022195,0.0347113662765,0.999807185434,0.999578273483,0.996822803165,0.999303337929,1.0,-0.0222626480915,0.0339649195164,0.0950718616588,0.0255973280087,0.0922561368962,0.0909848980652,0.0918570260864,-0.0770230129819,-0.0038058840999,0.993893311514,0.994758946901,0.955955858887,0.985678067493,0.994242260684,-0.0150711053367,-0.140756994145,0.118883190886,0.0572302687257,0.0881555320694,0.128096126113,0.1571654775,0.15232601049,-0.150293207208,-0.194943936043,-0.00838847581487,-0.304880126809,-0.289046615732,-0.229837515409,0.278461773778,0.266065524897,0.00854856159837,0.176957135747,-0.0366276687314,0.0256810730759,0.0667622818811,0.202926291221,-0.186440985726,0.177075313865,0.330437613808,0.0865749175662,0.162269890192,0.234177424187,-0.0273805464743,-0.00248480350717,0.999578888993,0.999512464718,0.998907337652,0.999475358259,0.999618184104,-0.0262296950344,0.011708628735
BarSta_skw,-0.00301639165468,-0.0199608078739,-0.00168712541713,0.00264170668415,-0.000303737149806,-0.00930287685006,-0.00942169777741,-0.0268799739003,-0.00889148680709,-0.0507731148583,-0.0424577101211,-0.0222626480915,1.0,-0.0264773421852,0.00300468507731,-0.0106798371915,0.00423533698204,0.00218588652387,0.00173596443831,-0.00144518917381,0.00666827604073,-0.0268799739003,-0.00889148680709,-0.0507731148583,-0.0424577101211,-0.0222626480915,1.0,-0.0264773421852,0.00546427528395,-0.0136365760472,0.0108555122005,0.00614128184719,0.00178929460897,-0.00645745185976,0.0104500800489,-0.0113459998994,-0.00679519283004,-0.0169709723518,-0.0134348940298,-0.00913546040296,0.029020608277,-0.0174415946347,0.00537874319442,-0.0176425142471,0.0081002376401,0.00264614117776,0.000265892388559,-0.00930591589742,0.00789176472965,-0.00801922366516,-0.00966415890544,-0.00961320233128,-0.00880529476089,-0.00819997562228,-0.00665997524412,-0.00345732559694,0.00095970703266,-0.013088646458,0.00426635792154,-0.00101273584265,-0.00289210545554,-0.0066811309047,0.00967402188229,0.0119962640854,0.000796364683187,0.0126793139132,0.0107745220423,0.0107748061822,-0.0080122431198,-0.000576004457217,-0.0123051276461,-0.00845490345489,-0.0169285212567,-0.0149189388036,-0.0111722191286,0.325519247024,-0.0316774962055
BarSta_kts,-0.00570837754587,0.0103269176526,-0.00494057224349,-0.000286897480435,-0.0149739048391,0.0433633475057,0.0523086088507,0.0430516582478,0.0330191457154,0.0722708973051,0.0430781840017,0.0339649195164,-0.0264773421852,1.0,-0.0203883734965,0.00888632780711,-0.0216030520514,-0.0193239077655,-0.0180092833606,0.0117709926283,-0.00417846154407,0.0430516582478,0.0330191457154,0.0722708973051,0.0430781840017,0.0339649195164,-0.0264773421852,1.0,-0.0306907094942,-0.0028743035437,-0.0352555879006,-0.0313460277193,-0.0264481549306,0.032691102294,-0.0197680076276,0.042654297729,0.0393790561842,0.0469138080756,0.0431925161115,0.0402738053393,0.00821329045588,0.00375225238743,-0.00461190330347,-0.000931668715093,-0.00861558331861,-0.00395724954249,-0.00212020299866,0.0184305433793,-0.0107860603723,0.0162307705722,0.0165701413095,0.0128875937757,0.0150871461044,0.0157572636619,0.0230978828571,0.013860550943,0.00970615773621,-0.00724649378338,0.00681936742635,0.00945866279542,0.0105615699391,0.0134285589241,-0.00983688503465,-0.0254308934186,-0.00508135306416,-0.0263920948751,-0.0243530222507,-0.0223186070705,0.0118331257913,-0.000966695592078,0.0430761388501,0.0409745460302,0.0470674890932,0.0431728992604,0.0416348897569,0.000133731980456,0.236007905816
BeatsC_mean,0.103095892842,0.0243366578025,0.107757070263,0.0840260734269,0.0817329125974,0.0261980071623,0.10025297069,0.0640615512384,0.066055229734,0.0617723882262,0.0638985183053,0.0647780208501,0.00300468507731,-0.0203883734965,1.0,0.323915294183,0.986807941818,0.995510640395,0.988526187227,-0.846972272557,0.333062913851,0.0640615512384,0.066055229734,0.0617723882262,0.0638985183053,0.0647780208501,0.00300468507731,-0.0203883734965,0.504609469785,0.130609370338,0.500690321666,0.500061221954,0.474157386326,-0.475169003849,0.0244739142963,0.0781698966112,0.0766079264911,0.0717764122317,0.0816491888891,0.0812986978345,-0.083246641592,-0.12700494735,0.225077899881,-0.0403052620168,0.221532672122,0.223834187973,0.227338682425,-0.078025793234,0.00976377262624,-0.405841175389,-0.281521342296,-0.330476093395,-0.373959063373,-0.385491075383,0.00243738627667,0.0334648740231,0.00940887074364,0.0633508310734,0.00820811032945,0.0176053816803,0.0200380661628,0.0147163290886,-0.0508729894728,0.64956476325,0.278547842375,0.611840504599,0.625595625248,0.613130754937,-0.307293167289,0.0412587387762,0.0647441393163,0.0662127933534,0.0628939622711,0.064578933346,0.0653049629897,0.00870136213907,-0.0242612789074
BeatsC_std,0.0644096363379,0.151733681374,0.024432695537,0.0463483618604,0.0759430798282,0.00309700249588,-0.0286348565626,0.0544484283583,0.0539676162931,0.055234571135,0.0545536970829,0.05424892829,-0.0106798371915,0.00888632780711,0.323915294183,1.0,0.211853208926,0.356386990488,0.451340566047,-0.237863375302,-0.131283022257,0.0544484283583,0.0539676162931,0.055234571135,0.0545536970829,0.05424892829,-0.0106798371915,0.00888632780711,-0.0131556704098,0.177490899197,-0.0650915228816,-0.0199653335666,0.0300792869776,0.0358106304068,-0.119150738039,0.0505717239322,0.0508479600828,0.0462837225478,0.0481484439737,0.0508412529785,0.036337770588,0.0790011080358,0.0624796503878,0.0783808257362,0.0487542215994,0.076638408985,0.087118572479,0.0366711986791,-0.0526972353512,-0.0441899714584,0.0201600862506,-0.116907786941,-0.0969730330382,-0.0751877484336,0.104203506996,0.0720853272904,0.0624817003571,0.11260472616,0.0396313628162,0.0742472965602,0.0938220079966,0.0320162021606,-0.0475926145469,-0.0649222088095,0.16262484268,-0.119412718415,-0.0696386947196,-0.0110820220421,0.0511842235568,-0.0590742629587,0.0543536369943,0.0544309293998,0.0543091223084,0.0542764660064,0.0543841967211,0.00042313151509,0.014275962782
BeatsC_25_quant,0.0969830718058,0.00297580618972,0.110811767854,0.0801008009715,0.0725444512014,0.0256126682914,0.107011759653,0.0520712568849,0.0541488450883,0.0496836105601,0.0518946165309,0.0528221241617,0.00423533698204,-0.0216030520514,0.986807941818,0.211853208926,1.0,0.980611703518,0.956522327769,-0.855182479818,0.359519950424,0.0520712568849,0.0541488450883,0.0496836105601,0.0518946165309,0.0528221241617,0.00423533698204,-0.0216030520514,0.518014420143,0.116063003022,0.518834527333,0.514109732427,0.482220552304,-0.491316517382,0.0323106845022,0.0673717921807,0.0651560423187,0.0619605952178,0.0714032289708,0.0705257243261,-0.0921165372707,-0.146789825122,0.225379536807,-0.0547116788804,0.223935046966,0.222121092277,0.223903354742,-0.0878641328811,0.0195573173102,-0.416709705362,-0.297438814773,-0.32502490619,-0.372811800689,-0.389543655856,-0.00591920395143,0.0292127422817,0.00730677969235,0.0437088283302,0.00978574782177,0.0141259997376,0.0126650953333,0.00590215322051,-0.0422093549633,0.664895438624,0.262164042962,0.63622771694,0.642902666015,0.620813495416,-0.324062279714,0.0464471874594,0.0527693196673,0.0542571655996,0.0508751657779,0.0526292155598,0.0533396049473,0.00772013950909,-0.0272071115053
BeatsC_50_quant,0.102426247367,0.0269576894639,0.106584721052,0.0846407514617,0.0816785968976,0.0247134261795,0.0961330849905,0.061577090328,0.0635052989051,0.0594036349394,0.0614207118144,0.0622725022061,0.00218588652387,-0.0193239077655,0.995510640395,0.356386990488,0.980611703518,1.0,0.989112207405,-0.861705917761,0.31739968031,0.061577090328,0.0635052989051,0.0594036349394,0.0614207118144,0.0622725022061,0.00218588652387,-0.0193239077655,0.493158424917,0.13322033667,0.487057228304,0.48899155689,0.464582300538,-0.466366910768,0.0142038309944,0.0754117104152,0.0729770082318,0.0702929259138,0.0789060863168,0.0780992046776,-0.0805112860191,-0.13092082477,0.22665069684,-0.0418062759925,0.222435340774,0.224950481382,0.229188687004,-0.0764987263312,0.0103189114171,-0.412142148191,-0.2833573681,-0.335615889986,-0.378449537856,-0.391140465693,0.0108703772429,0.038707374475,0.016938272934,0.0554879767374,0.016061540095,0.0245482841097,0.0261947728825,0.00901640261206,-0.0447722929501,0.631436249,0.269871626726,0.595494219236,0.611385501635,0.596320663853,-0.308360960277,0.0382713424495,0.0622606923259,0.0636997313441,0.0604332687402,0.0621024652147,0.062816392023,0.008369555935,-0.0238884301353
BeatsC_75_quant,0.105773052695,0.0444325411172,0.103728083218,0.0853727037907,0.0880356186776,0.0251071504755,0.0888867965344,0.070060645881,0.0718810642469,0.0679924084538,0.0699218171936,0.0707078606291,0.00173596443831,-0.0180092833606,0.988526187227,0.451340566047,0.956522327769,0.989112207405,1.0,-0.834121057725,0.287222258267,0.070060645881,0.0718810642469,0.0679924084538,0.0699218171936,0.0707078606291,0.00173596443831,-0.0180092833606,0.475521415589,0.149528453467,0.463903602186,0.470612087039,0.453625358691,-0.44496262046,0.0045723170014,0.0827522700509,0.0812475129297,0.0764105233245,0.0856024807254,0.0856395354427,-0.0738216803109,-0.104558951443,0.2209564366,-0.0268517149651,0.215081213706,0.221652627883,0.226878562475,-0.0653290977242,-1.49823125164e-05,-0.391273325842,-0.262890660823,-0.330761429835,-0.369586866016,-0.377382886569,0.0167932424512,0.0412367681348,0.0168398585383,0.0747801233222,0.0120999391884,0.0256191105281,0.0312898465162,0.0202205873117,-0.0547430798607,0.605236548389,0.287188853682,0.560392376007,0.58196548226,0.580236953594,-0.285916240873,0.0297438413577,0.0707215232797,0.0721159839666,0.0689648247705,0.0705588000345,0.0712546198955,0.00795835478473,-0.0202643596094
BeatsC_skw,-0.083215876662,0.000467545685099,-0.0956193639557,-0.0730914607023,-0.0644410068681,0.019872867526,-0.136289925235,-0.0210334346852,-0.0227655904158,-0.0191594889772,-0.0209916274035,-0.0216429022195,-0.00144518917381,0.0117709926283,-0.846972272557,-0.237863375302,-0.855182479818,-0.861705917761,-0.834121057725,1.0,-0.45079371571,-0.0210334346852,-0.0227655904158,-0.0191594889772,-0.0209916274035,-0.0216429022195,-0.00144518917381,0.0117709926283,-0.45637085441,-0.102639071734,-0.45247994416,-0.454271330472,-0.424384690025,0.449739528215,-0.00271078164198,-0.0345087665525,-0.0279556201114,-0.0378689931898,-0.0382004441734,-0.0351094973246,0.0788921518184,0.10987861796,-0.198120534241,0.0607451275002,-0.192713435262,-0.190349254536,-0.1974574647,0.0646768193665,-0.0177036886367,0.410706419164,0.282577020171,0.308568560686,0.362179914914,0.38982296732,-0.020079645185,-0.0424612452263,-0.0137060017741,0.0185702837655,-0.0210129904339,-0.0145415716811,-0.00696782789978,0.0129652133321,0.0105616583342,-0.547066270089,-0.17738949882,-0.537487422598,-0.539059326667,-0.50429514678,0.380288595573,-0.0698075078778,-0.0217919390196,-0.023072789575,-0.0200435689043,-0.0216983164458,-0.022315117457,-0.00643690388569,0.0249546787198
BeatsC_kts,0.0585682686296,0.0017799110348,0.0581552936239,0.0489469405275,0.0498983061715,-0.0442329392748,0.273153585731,0.0343814671511,0.0352526078769,0.0332567989755,0.0342170479114,0.0347113662765,0.00666827604073,-0.00417846154407,0.333062913851,-0.131283022257,0.359519950424,0.31739968031,0.287222258267,-0.45079371571,1.0,0.0343814671511,0.0352526078769,0.0332567989755,0.0342170479114,0.0347113662765,0.00666827604073,-0.00417846154407,0.190252281252,-0.0542949934891,0.219807401523,0.192442445196,0.150460221906,-0.189027780923,0.104706536844,0.0401299581512,0.038342783403,0.0396935220251,0.0418863036851,0.0404761431713,-0.0420336015496,-0.0465827068288,0.047046235743,-0.000270510655198,0.0405384603796,0.0407888488075,0.0518454442999,-0.0159118925261,0.0105210475894,-0.106227053026,-0.0772435346729,-0.0945881266809,-0.104051494851,-0.0972499546151,-0.00301271967532,0.0118198027277,-0.0528960506491,0.00569108349439,-0.0473261796853,-0.0508272363641,-0.0522790950625,0.0040403835126,-0.002068811529,0.280003306989,0.0212718575759,0.295515554134,0.269793267072,0.237380851747,-0.232161428961,0.199858268311,0.0345346420158,0.0351224997939,0.0338361718729,0.0344772366462,0.0347335358621,0.00798668453432,-0.0111594250146
BeatsS_mean,-0.0269238530862,0.195760126342,-0.10165114816,-0.0773281678046,0.00113555008485,0.109137827587,0.0356476888891,1.0,0.999107662129,0.997965087332,0.99967304341,0.999807185434,-0.0268799739003,0.0430516582478,0.0640615512384,0.0544484283583,0.0520712568849,0.061577090328,0.070060645881,-0.0210334346852,0.0343814671511,1.0,0.999107662129,0.997965087332,0.99967304341,0.999807185434,-0.0268799739003,0.0430516582478,0.0938551089154,0.0252473465997,0.091060240465,0.0897970601307,0.0907369324539,-0.0758625369099,-0.00374611860801,0.9939109358,0.994513497798,0.95634301381,0.985751120413,0.994128900705,-0.0155644654788,-0.139674819277,0.116927235575,0.0586345093025,0.0861091766523,0.126205235174,0.155439058896,0.15350062681,-0.151125055198,-0.193300598309,-0.00614584986975,-0.303467349621,-0.287599941375,-0.228406818235,0.280728949763,0.268012768993,0.00719930745681,0.177488422332,-0.0380232454541,0.0243434554075,0.0655291868207,0.203796657292,-0.187078919729,0.175747523863,0.329785374795,0.0853068893726,0.160989549399,0.232918684595,-0.0267603291174,-0.00254108147222,0.999581833951,0.999351137633,0.999121809232,0.999516120844,0.999540494377,-0.0289480841973,0.0164289179684
BeatsS_std,-0.0275551133076,0.197800896321,-0.10301742293,-0.0787371431289,0.000724170114178,0.110551631307,0.0355354524555,0.999107662129,1.0,0.994795605345,0.998369634722,0.999578273483,-0.00889148680709,0.0330191457154,0.066055229734,0.0539676162931,0.0541488450883,0.0635052989051,0.0718810642469,-0.0227655904158,0.0352526078769,0.999107662129,1.0,0.994795605345,0.998369634722,0.999578273483,-0.00889148680709,0.0330191457154,0.0961720052167,0.0261804911956,0.0932810630458,0.0920425942453,0.0929336974251,-0.0780410518688,-0.00387376835649,0.993774306634,0.994999570896,0.955352864544,0.985521040186,0.994267288232,-0.0140085279124,-0.141839611029,0.121453777471,0.0553431746277,0.0908199121914,0.130549060155,0.159428818626,0.151081988499,-0.149423730892,-0.196565030049,-0.011993895431,-0.306451346433,-0.290399673582,-0.230975568831,0.27408850487,0.262281585902,0.0104204190511,0.176279218627,-0.0347122566949,0.0275237354071,0.0684766050292,0.201867492932,-0.185690816361,0.178692271671,0.331484158825,0.0880476974386,0.163776815282,0.235739257313,-0.0277194863527,-0.00236983445698,0.99942654758,0.999651106514,0.998407006055,0.999266982625,0.999552650184,-0.0194668003307,0.00950511092897
BeatsS_25_quant,-0.0307906150923,0.191646282056,-0.104014831173,-0.080194986089,-0.00351583263164,0.112118247942,0.0380888970626,0.997965087332,0.994795605345,1.0,0.997959000785,0.996822803165,-0.0507731148583,0.0722708973051,0.0617723882262,0.055234571135,0.0496836105601,0.0594036349394,0.0679924084538,-0.0191594889772,0.0332567989755,0.997965087332,0.994795605345,1.0,0.997959000785,0.996822803165,-0.0507731148583,0.0722708973051,0.0902326831816,0.0245995898898,0.0873540773849,0.0862655663339,0.0875031944887,-0.0723384510069,-0.00359077647706,0.991066848963,0.990860235301,0.954829532523,0.983063915955,0.990891745594,-0.0171481918323,-0.135801358262,0.110841563681,0.0632782923489,0.0797195009464,0.120372194549,0.150116738465,0.15649887744,-0.153188526337,-0.188000208876,0.000476864072272,-0.298319624268,-0.282529517861,-0.223687388428,0.286470252634,0.272669012799,0.00322795363149,0.179005392409,-0.0421036440699,0.0203947284638,0.061872628178,0.205912151278,-0.18857812544,0.171062536861,0.326893626901,0.0810106908699,0.15653473212,0.228304944595,-0.0248990292612,-0.00280150484691,0.996746459412,0.995953371151,0.997109542869,0.996765061952,0.996483683551,-0.039848801525,0.0303070903746
BeatsS_50_quant,-0.0267786770191,0.195944457397,-0.101544839675,-0.077299211449,0.00136689397168,0.108892135398,0.0353728735976,0.99967304341,0.998369634722,0.997959000785,1.0,0.999303337929,-0.0424577101211,0.0430781840017,0.0638985183053,0.0545536970829,0.0518946165309,0.0614207118144,0.0699218171936,-0.0209916274035,0.0342170479114,0.99967304341,0.998369634722,0.997959000785,1.0,0.999303337929,-0.0424577101211,0.0430781840017,0.0935303773497,0.0252847923011,0.0907004393944,0.0894634173559,0.0904494303627,-0.0755970429267,-0.00390752553842,0.993282082426,0.993771773288,0.955873423331,0.985193081292,0.993442510324,-0.0161736634636,-0.139263825025,0.116786584462,0.0586854515578,0.0859924350662,0.126127410874,0.155299992792,0.153520468608,-0.151149463274,-0.192883458793,-0.00569789191091,-0.303004028686,-0.287079522482,-0.227971177353,0.280511987597,0.26777872869,0.00727075269399,0.177398792217,-0.0379397899766,0.0244380402958,0.065578431867,0.203735583323,-0.187130372052,0.175401273584,0.329515743865,0.0850107640198,0.160691868474,0.232566235502,-0.0266042422994,-0.00251985717296,0.998966711504,0.998644485413,0.998584310217,0.999013741368,0.998887929265,-0.0358988203338,0.0172979059865
BeatsS_75_quant,-0.0255906802053,0.196857448963,-0.100691163115,-0.0762202807978,0.00261387243947,0.108143238599,0.0349987377508,0.999807185434,0.999578273483,0.996822803165,0.999303337929,1.0,-0.0222626480915,0.0339649195164,0.0647780208501,0.05424892829,0.0528221241617,0.0622725022061,0.0707078606291,-0.0216429022195,0.0347113662765,0.999807185434,0.999578273483,0.996822803165,0.999303337929,1.0,-0.0222626480915,0.0339649195164,0.0950718616588,0.0255973280087,0.0922561368962,0.0909848980652,0.0918570260864,-0.0770230129819,-0.0038058840999,0.993893311514,0.994758946901,0.955955858887,0.985678067493,0.994242260684,-0.0150711053367,-0.140756994145,0.118883190886,0.0572302687257,0.0881555320694,0.128096126113,0.1571654775,0.15232601049,-0.150293207208,-0.194943936043,-0.00838847581487,-0.304880126809,-0.289046615732,-0.229837515409,0.278461773778,0.266065524897,0.00854856159837,0.176957135747,-0.0366276687314,0.0256810730759,0.0667622818811,0.202926291221,-0.186440985726,0.177075313865,0.330437613808,0.0865749175662,0.162269890192,0.234177424187,-0.0273805464743,-0.00248480350717,0.999578888993,0.999512464718,0.998907337652,0.999475358259,0.999618184104,-0.0262296950344,0.011708628735
BeatsS_skw,-0.00301639165468,-0.0199608078739,-0.00168712541713,0.00264170668415,-0.000303737149806,-0.00930287685006,-0.00942169777741,-0.0268799739003,-0.00889148680709,-0.0507731148583,-0.0424577101211,-0.0222626480915,1.0,-0.0264773421852,0.00300468507731,-0.0106798371915,0.00423533698204,0.00218588652387,0.00173596443831,-0.00144518917381,0.00666827604073,-0.0268799739003,-0.00889148680709,-0.0507731148583,-0.0424577101211,-0.0222626480915,1.0,-0.0264773421852,0.00546427528395,-0.0136365760472,0.0108555122005,0.00614128184719,0.00178929460897,-0.00645745185976,0.0104500800489,-0.0113459998994,-0.00679519283004,-0.0169709723518,-0.0134348940298,-0.00913546040296,0.029020608277,-0.0174415946347,0.00537874319442,-0.0176425142471,0.0081002376401,0.00264614117776,0.000265892388559,-0.00930591589742,0.00789176472965,-0.00801922366516,-0.00966415890544,-0.00961320233128,-0.00880529476089,-0.00819997562228,-0.00665997524412,-0.00345732559694,0.00095970703266,-0.013088646458,0.00426635792154,-0.00101273584265,-0.00289210545554,-0.0066811309047,0.00967402188229,0.0119962640854,0.000796364683187,0.0126793139132,0.0107745220423,0.0107748061822,-0.0080122431198,-0.000576004457217,-0.0123051276461,-0.00845490345489,-0.0169285212567,-0.0149189388036,-0.0111722191286,0.325519247024,-0.0316774962055
BeatsS_kts,-0.00570837754587,0.0103269176526,-0.00494057224349,-0.000286897480435,-0.0149739048391,0.0433633475057,0.0523086088507,0.0430516582478,0.0330191457154,0.0722708973051,0.0430781840017,0.0339649195164,-0.0264773421852,1.0,-0.0203883734965,0.00888632780711,-0.0216030520514,-0.0193239077655,-0.0180092833606,0.0117709926283,-0.00417846154407,0.0430516582478,0.0330191457154,0.0722708973051,0.0430781840017,0.0339649195164,-0.0264773421852,1.0,-0.0306907094942,-0.0028743035437,-0.0352555879006,-0.0313460277193,-0.0264481549306,0.032691102294,-0.0197680076276,0.042654297729,0.0393790561842,0.0469138080756,0.0431925161115,0.0402738053393,0.00821329045588,0.00375225238743,-0.00461190330347,-0.000931668715093,-0.00861558331861,-0.00395724954249,-0.00212020299866,0.0184305433793,-0.0107860603723,0.0162307705722,0.0165701413095,0.0128875937757,0.0150871461044,0.0157572636619,0.0230978828571,0.013860550943,0.00970615773621,-0.00724649378338,0.00681936742635,0.00945866279542,0.0105615699391,0.0134285589241,-0.00983688503465,-0.0254308934186,-0.00508135306416,-0.0263920948751,-0.0243530222507,-0.0223186070705,0.0118331257913,-0.000966695592078,0.0430761388501,0.0409745460302,0.0470674890932,0.0431728992604,0.0416348897569,0.000133731980456,0.236007905816
SC_mean,0.077475221185,-0.013664982003,0.0821364168983,0.0736767857,0.0689727413794,-0.018655438087,0.0494233613698,0.0938551089154,0.0961720052167,0.0902326831816,0.0935303773497,0.0950718616588,0.00546427528395,-0.0306907094942,0.504609469785,-0.0131556704098,0.518014420143,0.493158424917,0.475521415589,-0.45637085441,0.190252281252,0.0938551089154,0.0961720052167,0.0902326831816,0.0935303773497,0.0950718616588,0.00546427528395,-0.0306907094942,1.0,0.387394149047,0.954202059204,0.990671655997,0.96618561776,-0.949889354955,0.0658033400793,0.115270109169,0.104649672794,0.119353529498,0.122338158043,0.115947954059,-0.167526600986,-0.131309816804,0.132635467127,0.0407536182933,0.116291918665,0.133663108846,0.152213742282,0.054036445642,-0.0902688643012,-0.555612065308,-0.41486500845,-0.308946134148,-0.421840938282,-0.506655238163,-0.00780030904746,0.0530977169242,-0.270825811025,0.211348978647,-0.292763983559,-0.263732958933,-0.226711431897,0.309288775845,-0.273141363829,0.789025406824,0.491005402539,0.68188425659,0.782356822256,0.794513379954,-0.47359724949,0.0503444974301,0.0937120577878,0.095125690356,0.0919765343305,0.093662412709,0.0942829711063,-0.0120125587907,-0.00829549093631
SC_std,-0.0287600651919,-0.00825559486353,-0.0214711891166,-0.0347041481051,-0.0370036234227,0.0510496013001,0.0103703407864,0.0252473465997,0.0261804911956,0.0245995898898,0.0252847923011,0.0255973280087,-0.0136365760472,-0.0028743035437,0.130609370338,0.177490899197,0.116063003022,0.13322033667,0.149528453467,-0.102639071734,-0.0542949934891,0.0252473465997,0.0261804911956,0.0245995898898,0.0252847923011,0.0255973280087,-0.0136365760472,-0.0028743035437,0.387394149047,1.0,0.116196736126,0.345788663297,0.578327687527,-0.232504440232,-0.515985093501,0.0300446519151,0.0295893893875,0.0273213027335,0.0308401609422,0.0310001071608,-0.0237515416453,-0.0264672335389,0.0572501660335,0.191733650719,0.018945267673,0.0716554488923,0.114670807347,0.151131672484,-0.170446921248,-0.228165971049,-0.166343802934,-0.110315273477,-0.145551055673,-0.215119660748,-0.00120178574639,-0.000891732406946,-0.0463771046341,0.307225778698,-0.104858991111,-0.0303517048168,0.0344884553515,0.314452949487,-0.32954164901,0.145892973766,0.406452924334,0.0103363225162,0.117472864211,0.225120538489,0.0171525535359,-0.11728755178,0.0261230993293,0.0264310238413,0.0259583677351,0.0262675138888,0.0262231079555,-0.0322842903175,0.00691825700801
SC_25_quant,0.0946371110659,-0.0060844944566,0.0953705620634,0.0915041363148,0.0892236667256,-0.0386480995331,0.0469280700783,0.091060240465,0.0932810630458,0.0873540773849,0.0907004393944,0.0922561368962,0.0108555122005,-0.0352555879006,0.500690321666,-0.0650915228816,0.518834527333,0.487057228304,0.463903602186,-0.45247994416,0.219807401523,0.091060240465,0.0932810630458,0.0873540773849,0.0907004393944,0.0922561368962,0.0108555122005,-0.0352555879006,0.954202059204,0.116196736126,1.0,0.954846731393,0.854041738997,-0.946673567746,0.239017815557,0.112469134662,0.101535214435,0.11733394909,0.119731304392,0.11302871355,-0.169869080705,-0.126334282428,0.118125850237,-0.00517902400863,0.112134189264,0.115846986117,0.123101698206,0.0157856869457,-0.0491732547322,-0.518183769408,-0.387883834719,-0.294571090008,-0.402392979605,-0.470438241345,-0.00733726901263,0.0579174435343,-0.286967686798,0.143254359902,-0.29299875091,-0.283169901487,-0.262492034886,0.244625607696,-0.20204662894,0.80452357088,0.404656608236,0.732617041381,0.805651858556,0.784577068059,-0.510085442884,0.0923642972008,0.0906767312582,0.0920994062575,0.088876391941,0.0905706061993,0.0912541540809,-0.00151751910323,-0.0103925859971
SC_50_quant,0.0791976537304,-0.0130661295733,0.0832847242506,0.0759494328119,0.0714362230124,-0.0210408207464,0.0493838298116,0.0897970601307,0.0920425942453,0.0862655663339,0.0894634173559,0.0909848980652,0.00614128184719,-0.0313460277193,0.500061221954,-0.0199653335666,0.514109732427,0.48899155689,0.470612087039,-0.454271330472,0.192442445196,0.0897970601307,0.0920425942453,0.0862655663339,0.0894634173559,0.0909848980652,0.00614128184719,-0.0313460277193,0.990671655997,0.345788663297,0.954846731393,1.0,0.947792916038,-0.954000533194,0.0800277637547,0.111394645504,0.100080864666,0.116628378564,0.118704288407,0.111761330836,-0.172204691907,-0.123563082417,0.127816189449,0.0379460512349,0.113035964424,0.129160608286,0.145825644931,0.0478413701826,-0.0833767435084,-0.539325121,-0.403269835018,-0.300123218239,-0.410209263562,-0.49087456949,-0.00659705082574,0.0531379796629,-0.27639281247,0.197439429493,-0.295511414553,-0.271911653928,-0.236828281964,0.292641313665,-0.249859847022,0.790909660688,0.475574539365,0.689758169562,0.791320084547,0.794028273607,-0.484779097912,0.0475315443529,0.0896042504616,0.0909848577974,0.0878836615389,0.0895550875762,0.0901608670696,-0.0102066545525,-0.0091104375528
SC_75_quant,0.0590231382749,-0.0181501691528,0.0664302484589,0.0550724083417,0.0487665932156,-0.00253264134187,0.0465439502712,0.0907369324539,0.0929336974251,0.0875031944887,0.0904494303627,0.0918570260864,0.00178929460897,-0.0264481549306,0.474157386326,0.0300792869776,0.482220552304,0.464582300538,0.453625358691,-0.424384690025,0.150460221906,0.0907369324539,0.0929336974251,0.0875031944887,0.0904494303627,0.0918570260864,0.00178929460897,-0.0264481549306,0.96618561776,0.578327687527,0.854041738997,0.947792916038,1.0,-0.882805715616,-0.084237158894,0.111004788144,0.101083870101,0.114601615198,0.117501543333,0.111640975445,-0.156627247416,-0.124188828738,0.127299349396,0.078275109741,0.104104943535,0.130805725878,0.157505133123,0.0855291619267,-0.1203449504,-0.535680143915,-0.399997886233,-0.290970106327,-0.39918395675,-0.489521532228,-0.00788181558886,0.0455740194817,-0.247008122225,0.257078991661,-0.281041890757,-0.237776496655,-0.18872183014,0.342436708871,-0.309683454538,0.724724417956,0.534537219881,0.592781238992,0.711523898714,0.755114783123,-0.406663426277,0.00502238948094,0.09080080812,0.0921027195972,0.089221966558,0.0907952588306,0.0913256652769,-0.0173246601313,-0.00790303620874
SC_skw,-0.0837804852688,0.0119024474786,-0.0864920490902,-0.08044105721,-0.076718928964,0.027065511914,-0.0505240785405,-0.0758625369099,-0.0780410518688,-0.0723384510069,-0.0755970429267,-0.0770230129819,-0.00645745185976,0.032691102294,-0.475169003849,0.0358106304068,-0.491316517382,-0.466366910768,-0.44496262046,0.449739528215,-0.189027780923,-0.0758625369099,-0.0780410518688,-0.0723384510069,-0.0755970429267,-0.0770230129819,-0.00645745185976,0.032691102294,-0.949889354955,-0.232504440232,-0.946673567746,-0.954000533194,-0.882805715616,1.0,-0.183298961892,-0.0959471505639,-0.0843012169379,-0.102567935385,-0.102960386391,-0.0956770479509,0.161770205093,0.122303787036,-0.130542154044,-0.0065063495222,-0.118725859946,-0.128412852587,-0.141706762101,-0.0216049769433,0.0526055808218,0.559416703366,0.413012849333,0.299342656815,0.423797606027,0.517196323903,0.00193207275531,-0.0535212849535,0.259983203945,-0.12226602482,0.269906070061,0.261102645176,0.237999364218,-0.231369585463,0.177293932692,-0.759367331999,-0.393724802583,-0.684425263881,-0.763492841563,-0.7459456892,0.5362806621,-0.0973442739229,-0.0756898131577,-0.0770296005642,-0.0739962533121,-0.0756579601223,-0.0762297090128,0.00798977690507,0.010257326013
SC_kts,0.0813664789614,0.061331816054,0.0563194994759,0.070455384013,0.0907381503538,-0.0738409176325,-0.0183441376665,-0.00374611860801,-0.00387376835649,-0.00359077647706,-0.00390752553842,-0.0038058840999,0.0104500800489,-0.0197680076276,0.0244739142963,-0.119150738039,0.0323106845022,0.0142038309944,0.0045723170014,-0.00271078164198,0.104706536844,-0.00374611860801,-0.00387376835649,-0.00359077647706,-0.00390752553842,-0.0038058840999,0.0104500800489,-0.0197680076276,0.0658033400793,-0.515985093501,0.239017815557,0.0800277637547,-0.084237158894,-0.183298961892,1.0,-0.00171751395412,-0.00343213841116,0.00226207848841,-0.000662516430038,-0.00216322780477,-0.0218893395533,0.0370342899126,-0.0984661807432,0.0260279433427,-0.0924525942354,-0.101244593059,-0.101456064086,0.0300580870583,-0.0121852795717,0.183661408728,0.128935873059,0.069260297305,0.112122694103,0.185390001003,-0.0251163035738,0.000898778813556,-0.211366875769,0.0123877769465,-0.194367417217,-0.208890878529,-0.219307002164,0.0368117503975,-0.00264590396552,0.169923992432,-0.1079589588,0.223936750989,0.181562375672,0.114356923646,-0.212596328533,0.23712432825,-0.00427746001137,-0.00411761006948,-0.00446494064521,-0.00442943702759,-0.0042373185397,0.0258850296946,0.000340917054563
SS_mean,-0.0289898329493,0.194681911792,-0.103554191101,-0.0799431853947,-0.000972610863107,0.110813983318,0.0352648119139,0.9939109358,0.993774306634,0.991066848963,0.993282082426,0.993893311514,-0.0113459998994,0.042654297729,0.0781698966112,0.0505717239322,0.0673717921807,0.0754117104152,0.0827522700509,-0.0345087665525,0.0401299581512,0.9939109358,0.993774306634,0.991066848963,0.993282082426,0.993893311514,-0.0113459998994,0.042654297729,0.115270109169,0.0300446519151,0.112469134662,0.111394645504,0.111004788144,-0.0959471505639,-0.00171751395412,1.0,0.989076519369,0.975682235618,0.996538112156,0.997367257658,-0.0940183054353,-0.141577278594,0.110648516876,0.0614129127297,0.0809171568554,0.12009315974,0.148698237135,0.154492969027,-0.152759703899,-0.203265879923,-0.0201576128679,-0.304006962691,-0.292608514491,-0.236380805293,0.278134128003,0.267943533229,-0.00763246688531,0.179265826157,-0.0508876265013,0.00966704735378,0.0499240292327,0.206969205979,-0.190334734356,0.193544198602,0.337937091712,0.101563967522,0.180132463794,0.250441667661,-0.0403948043708,-0.00188809955606,0.994220469684,0.994095030336,0.993639863701,0.994114265295,0.9941885345,-0.0246033169648,0.017184560979
SS_std,-0.0287813071865,0.194501214511,-0.103372134534,-0.0798511552345,-0.000726489069436,0.111241982346,0.0347374098407,0.994513497798,0.994999570896,0.990860235301,0.993771773288,0.994758946901,-0.00679519283004,0.0393790561842,0.0766079264911,0.0508479600828,0.0651560423187,0.0729770082318,0.0812475129297,-0.0279556201114,0.038342783403,0.994513497798,0.994999570896,0.990860235301,0.993771773288,0.994758946901,-0.00679519283004,0.0393790561842,0.104649672794,0.0295893893875,0.101535214435,0.100080864666,0.101083870101,-0.0843012169379,-0.00343213841116,0.989076519369,1.0,0.935620791209,0.980297529937,0.994973424365,-0.00977752782333,-0.191504388693,0.127154850881,0.0513800145289,0.0969650375141,0.136369403173,0.164567902418,0.145682116669,-0.146049080083,-0.204244299215,-0.0182837540672,-0.312045377432,-0.297126595686,-0.237693659764,0.266897609458,0.257824313179,0.0112902314859,0.183316187638,-0.0345893209323,0.0292046313927,0.0709399273784,0.202353725294,-0.187841209086,0.191079668905,0.342899049305,0.0973445533373,0.173614592735,0.248112490399,-0.0245807011758,-0.00143990999373,0.994914605513,0.995250251785,0.993783864024,0.994714401207,0.995073986444,-0.0169902558878,0.0102242166312
SS_25_quant,-0.0306483539773,0.186125961565,-0.101996895124,-0.0791103560578,-0.00373917935611,0.107959172722,0.0361518757411,0.95634301381,0.955352864544,0.954829532523,0.955873423331,0.955955858887,-0.0169709723518,0.0469138080756,0.0717764122317,0.0462837225478,0.0619605952178,0.0702929259138,0.0764105233245,-0.0378689931898,0.0396935220251,0.95634301381,0.955352864544,0.954829532523,0.955873423331,0.955955858887,-0.0169709723518,0.0469138080756,0.119353529498,0.0273213027335,0.11733394909,0.116628378564,0.114601615198,-0.102567935385,0.00226207848841,0.975682235618,0.935620791209,1.0,0.976621117214,0.960543468904,-0.188836749094,-0.0385317824398,0.0795671360601,0.0775467972476,0.0512552260304,0.0892548522458,0.117770582738,0.163676190595,-0.158003419568,-0.186463993469,-0.0152457644829,-0.27578976828,-0.268356291777,-0.218017991453,0.275975520609,0.264940353334,-0.034181331651,0.167623004255,-0.0721673577645,-0.0183608308384,0.0183502465823,0.205967275383,-0.18675416532,0.182763968384,0.309993140312,0.0988792617713,0.175847122186,0.236425443036,-0.0573755194089,-0.00153543499102,0.956524751633,0.955815712684,0.956709431398,0.956543744914,0.956245603177,-0.033627140434,0.0280539580099
SS_50_quant,-0.0267233959408,0.193389530781,-0.100615152842,-0.0772141938199,0.000935952982074,0.107696182688,0.0332639677627,0.985751120413,0.985521040186,0.983063915955,0.985193081292,0.985678067493,-0.0134348940298,0.0431925161115,0.0816491888891,0.0481484439737,0.0714032289708,0.0789060863168,0.0856024807254,-0.0382004441734,0.0418863036851,0.985751120413,0.985521040186,0.983063915955,0.985193081292,0.985678067493,-0.0134348940298,0.0431925161115,0.122338158043,0.0308401609422,0.119731304392,0.118704288407,0.117501543333,-0.102960386391,-0.000662516430038,0.996538112156,0.980297529937,0.976621117214,1.0,0.991619896173,-0.144339119358,-0.140426212697,0.104233478018,0.0616790125723,0.0750691609214,0.113488345693,0.141766083401,0.156149062326,-0.153656010565,-0.204845195363,-0.0268724755564,-0.300233542229,-0.291155700019,-0.236690104878,0.27624004935,0.266529393436,-0.016188010198,0.177099825222,-0.0583322262385,0.000800597075918,0.0404121535231,0.209198139505,-0.191524857611,0.198152512455,0.338182411707,0.106401191324,0.18555376103,0.254432608395,-0.0454470702588,-0.00134385049043,0.986033824124,0.985836017681,0.985548264649,0.985987761213,0.985960295952,-0.028659975267,0.0187432834507
SS_75_quant,-0.0271385673776,0.195382404137,-0.101914159424,-0.078406965496,0.000923143332469,0.109526437071,0.034404507733,0.994128900705,0.994267288232,0.990891745594,0.993442510324,0.994242260684,-0.00913546040296,0.0402738053393,0.0812986978345,0.0508412529785,0.0705257243261,0.0780992046776,0.0856395354427,-0.0351094973246,0.0404761431713,0.994128900705,0.994267288232,0.990891745594,0.993442510324,0.994242260684,-0.00913546040296,0.0402738053393,0.115947954059,0.0310001071608,0.11302871355,0.111761330836,0.111640975445,-0.0956770479509,-0.00216322780477,0.997367257658,0.994973424365,0.960543468904,0.991619896173,1.0,-0.0709956537302,-0.177973794114,0.117970144702,0.0561708129294,0.0882740330711,0.127332924116,0.155520389456,0.150297775023,-0.149872378169,-0.207756928719,-0.0175827432423,-0.310083076667,-0.298444699628,-0.241325100941,0.276272682792,0.266998137505,-0.00194603402296,0.181790662225,-0.0460639729347,0.015796092161,0.0565108265075,0.205445579217,-0.189793300657,0.19741518611,0.344859253169,0.103438311174,0.182331403272,0.254823300731,-0.0364736115398,-0.00185916134563,0.994447406986,0.994536427943,0.993599649029,0.994282916291,0.994512475965,-0.0207868570661,0.0129763025074
SS_skw,-0.0352783893507,-0.00892367453883,-0.0339281760445,-0.0329810838185,-0.0353425548461,0.0319993737579,0.0131666516243,-0.0155644654788,-0.0140085279124,-0.0171481918323,-0.0161736634636,-0.0150711053367,0.029020608277,0.00821329045588,-0.083246641592,0.036337770588,-0.0921165372707,-0.0805112860191,-0.0738216803109,0.0788921518184,-0.0420336015496,-0.0155644654788,-0.0140085279124,-0.0171481918323,-0.0161736634636,-0.0150711053367,0.029020608277,0.00821329045588,-0.167526600986,-0.0237515416453,-0.169869080705,-0.172204691907,-0.156627247416,0.161770205093,-0.0218893395533,-0.0940183054353,-0.00977752782333,-0.188836749094,-0.144339119358,-0.0709956537302,1.0,-0.0500605721453,0.0990326768826,-0.0240025410774,0.0917275007395,0.0981862470325,0.102367865181,-0.0507536637908,0.0440915394229,0.0505913077317,0.054368999634,-0.0214452504939,0.0361259265532,0.0609940743833,-0.00275853388511,-0.0170030581899,0.162045016625,0.00763803978947,0.145027974606,0.162281391891,0.172021829172,-0.0584056404639,0.0449470928592,-0.120612157738,-0.0548839388583,-0.108432849659,-0.133413472436,-0.120131062792,0.10637111581,-0.00626764770907,-0.0149937212177,-0.0140195108074,-0.0162409414163,-0.015514276253,-0.0146249959605,0.0727299931769,-0.0179826739291
SS_kts,-0.0157439767673,-0.00385154342429,-0.0141559845702,-0.00763484765598,-0.0131128259457,-0.0076413142919,-0.00286451930135,-0.139674819277,-0.141839611029,-0.135801358262,-0.139263825025,-0.140756994145,-0.0174415946347,0.00375225238743,-0.12700494735,0.0790011080358,-0.146789825122,-0.13092082477,-0.104558951443,0.10987861796,-0.0465827068288,-0.139674819277,-0.141839611029,-0.135801358262,-0.139263825025,-0.140756994145,-0.0174415946347,0.00375225238743,-0.131309816804,-0.0264672335389,-0.126334282428,-0.123563082417,-0.124188828738,0.122303787036,0.0370342899126,-0.141577278594,-0.191504388693,-0.0385317824398,-0.140426212697,-0.177973794114,-0.0500605721453,1.0,-0.123342670842,0.102862840211,-0.124646575512,-0.11742515228,-0.112793696079,0.0543511258153,-0.0354055366192,0.208109337678,0.197011056884,0.111323285643,0.153145245043,0.17178172326,-0.0265885343586,-0.0451773464382,-0.0600528847369,0.00197639935496,-0.0519685861978,-0.0628875649087,-0.0654205917863,0.00392742166162,0.00682638035114,-0.17258184793,-0.139116172689,-0.141411031597,-0.1635248702,-0.174311179781,0.056182561869,-0.00207536440717,-0.139657098827,-0.14110204533,-0.137694127892,-0.139352735881,-0.140276303946,-0.0252218382359,0.0378696892319
SLM_mean,-0.108445336905,-0.0462404754884,-0.102656078638,-0.121719823189,-0.112970839643,0.175392490364,0.0888715602681,0.116927235575,0.121453777471,0.110841563681,0.116786584462,0.118883190886,0.00537874319442,-0.00461190330347,0.225077899881,0.0624796503878,0.225379536807,0.22665069684,0.2209564366,-0.198120534241,0.047046235743,0.116927235575,0.121453777471,0.110841563681,0.116786584462,0.118883190886,0.00537874319442,-0.00461190330347,0.132635467127,0.0572501660335,0.118125850237,0.127816189449,0.127299349396,-0.130542154044,-0.0984661807432,0.110648516876,0.127154850881,0.0795671360601,0.104233478018,0.117970144702,0.0990326768826,-0.123342670842,1.0,-0.373405723841,0.98518491239,0.991589133114,0.974435594209,-0.533029149751,0.355952239002,-0.323105981854,-0.166068416829,-0.449564938929,-0.392108254083,-0.335825943993,-0.0104169443543,-0.00429326614453,0.894018526969,-0.0736734936597,0.85450070028,0.893263885299,0.897547375575,-0.483409738793,0.326904480772,0.264118986011,0.171218053503,0.24115480531,0.242880639922,0.253423714147,-0.0488729913145,-0.00683437137044,0.117732279565,0.120185360361,0.11478511045,0.117680028332,0.118741009454,-0.00965452489203,-0.0369940275408
SLM_std,0.0166890925296,0.0753910926704,-0.00543408655343,0.00298517027329,0.0248769734137,-0.0173607991984,-0.0186412154345,0.0586345093025,0.0553431746277,0.0632782923489,0.0586854515578,0.0572302687257,-0.0176425142471,-0.000931668715093,-0.0403052620168,0.0783808257362,-0.0547116788804,-0.0418062759925,-0.0268517149651,0.0607451275002,-0.000270510655198,0.0586345093025,0.0553431746277,0.0632782923489,0.0586854515578,0.0572302687257,-0.0176425142471,-0.000931668715093,0.0407536182933,0.191733650719,-0.00517902400863,0.0379460512349,0.078275109741,-0.0065063495222,0.0260279433427,0.0614129127297,0.0513800145289,0.0775467972476,0.0616790125723,0.0561708129294,-0.0240025410774,0.102862840211,-0.373405723841,1.0,-0.439722568472,-0.29531760823,-0.183728333807,0.392660969194,-0.445321896165,0.168483582323,0.116322838074,0.160468687991,0.16816123932,0.164940434649,0.0284003282899,0.0240122201347,-0.395308748889,0.753858972606,-0.462690850287,-0.339164457229,-0.238030140726,0.421434133716,-0.469718877382,-0.0529223865761,0.0679136511911,-0.0867409157781,-0.0514213772374,-0.0257352741514,0.0195042998244,0.0111325567046,0.0585047914005,0.0568263467016,0.0603970796213,0.058687257093,0.0579041343752,-0.0246490593413,0.0182730434295
SLM_25_quant,-0.105358511635,-0.063725658478,-0.0934711342921,-0.113767253041,-0.112154274502,0.168498165804,0.08734986838,0.0861091766523,0.0908199121914,0.0797195009464,0.0859924350662,0.0881555320694,0.0081002376401,-0.00861558331861,0.221532672122,0.0487542215994,0.223935046966,0.222435340774,0.215081213706,-0.192713435262,0.0405384603796,0.0861091766523,0.0908199121914,0.0797195009464,0.0859924350662,0.0881555320694,0.0081002376401,-0.00861558331861,0.116291918665,0.018945267673,0.112134189264,0.113035964424,0.104104943535,-0.118725859946,-0.0924525942354,0.0809171568554,0.0969650375141,0.0512552260304,0.0750691609214,0.0882740330711,0.0917275007395,-0.124646575512,0.98518491239,-0.439722568472,1.0,0.974451080547,0.931875229977,-0.592727351573,0.392006208097,-0.322194048142,-0.169505777838,-0.442190128513,-0.388841776349,-0.335050581159,-0.0156504090807,-0.00867922756042,0.890844500544,-0.134421632566,0.874438521166,0.890945183913,0.873400791399,-0.54283114393,0.364553242747,0.259152305676,0.146242552352,0.245125905861,0.238458474531,0.242403934438,-0.0418469415684,-0.0122513231482,0.0868643166591,0.0893433366449,0.0838916147872,0.0867772994788,0.0878818505349,-0.00464142517012,-0.038841725641
SLM_50_quant,-0.106375474458,-0.037488484024,-0.103185285866,-0.12158962226,-0.11025840044,0.177490679834,0.0868393979463,0.126205235174,0.130549060155,0.120372194549,0.126127410874,0.128096126113,0.00264614117776,-0.00395724954249,0.223834187973,0.076638408985,0.222121092277,0.224950481382,0.221652627883,-0.190349254536,0.0407888488075,0.126205235174,0.130549060155,0.120372194549,0.126127410874,0.128096126113,0.00264614117776,-0.00395724954249,0.133663108846,0.0716554488923,0.115846986117,0.129160608286,0.130805725878,-0.128412852587,-0.101244593059,0.12009315974,0.136369403173,0.0892548522458,0.113488345693,0.127332924116,0.0981862470325,-0.11742515228,0.991589133114,-0.29531760823,0.974451080547,1.0,0.980188903654,-0.515915563529,0.319492660635,-0.315358174786,-0.158016504981,-0.449236637488,-0.388114331814,-0.329900672835,-0.00388895317239,0.00118659250933,0.882754205755,-0.00294571202145,0.836638828346,0.893020451147,0.902197924169,-0.460832409397,0.286649421572,0.263005542788,0.184567730185,0.235622691019,0.241147109391,0.255676217183,-0.0444334762606,-0.0111412552499,0.127024658569,0.129308234757,0.124276297916,0.127016279257,0.127977960869,-0.0151647115703,-0.0351641154967
SLM_75_quant,-0.109276392339,-0.0203196553946,-0.112287694691,-0.128915598805,-0.110429633367,0.181044868323,0.0871259513995,0.155439058896,0.159428818626,0.150116738465,0.155299992792,0.1571654775,0.000265892388559,-0.00212020299866,0.227338682425,0.087118572479,0.223903354742,0.229188687004,0.226878562475,-0.1974574647,0.0518454442999,0.155439058896,0.159428818626,0.150116738465,0.155299992792,0.1571654775,0.000265892388559,-0.00212020299866,0.152213742282,0.114670807347,0.123101698206,0.145825644931,0.157505133123,-0.141706762101,-0.101456064086,0.148698237135,0.164567902418,0.117770582738,0.141766083401,0.155520389456,0.102367865181,-0.112793696079,0.974435594209,-0.183728333807,0.931875229977,0.980188903654,1.0,-0.436204756073,0.260441663748,-0.305968343646,-0.149093532117,-0.443577876506,-0.380073296779,-0.319780552823,0.000967009079203,0.00488226636603,0.854597830207,0.0858883222284,0.788629711701,0.863142956997,0.898878683609,-0.383487345409,0.228474913797,0.265800559799,0.207032784257,0.229665549165,0.243765490318,0.264336627167,-0.0491224633607,-0.00645629887397,0.156281061579,0.158519881074,0.153565887368,0.15628015958,0.157219822574,-0.0183536839169,-0.0339517077323
SLM_skw,0.0559309307613,0.126426983322,0.0168420684493,0.0375265107325,0.0708408384025,-0.0648672964239,-0.0506589300247,0.15350062681,0.151081988499,0.15649887744,0.153520468608,0.15232601049,-0.00930591589742,0.0184305433793,-0.078025793234,0.0366711986791,-0.0878641328811,-0.0764987263312,-0.0653290977242,0.0646768193665,-0.0159118925261,0.15350062681,0.151081988499,0.15649887744,0.153520468608,0.15232601049,-0.00930591589742,0.0184305433793,0.054036445642,0.151131672484,0.0157856869457,0.0478413701826,0.0855291619267,-0.0216049769433,0.0300580870583,0.154492969027,0.145682116669,0.163676190595,0.156149062326,0.150297775023,-0.0507536637908,0.0543511258153,-0.533029149751,0.392660969194,-0.592727351573,-0.515915563529,-0.436204756073,1.0,-0.89242464384,0.143130265584,0.0915382299007,0.178938183883,0.164276967525,0.150331241607,0.0720358318578,0.0602331242321,-0.551198754609,0.257722132462,-0.593475775373,-0.540294562878,-0.480045604815,0.765286758507,-0.640731864099,-0.0779952289488,0.0852612537839,-0.121716407595,-0.065803620371,-0.0326752299649,-0.0396277536127,0.0016385934309,0.153652634671,0.152404303244,0.154992926898,0.15371619974,0.153134440123,-0.0136183876006,0.0294130983469
SLM_kts,-0.0300345144711,-0.0963366722146,0.000429454820611,-0.0124402842536,-0.040053136861,0.0208069129829,0.0240269438762,-0.151125055198,-0.149423730892,-0.153188526337,-0.151149463274,-0.150293207208,0.00789176472965,-0.0107860603723,0.00976377262624,-0.0526972353512,0.0195573173102,0.0103189114171,-1.49823125164e-05,-0.0177036886367,0.0105210475894,-0.151125055198,-0.149423730892,-0.153188526337,-0.151149463274,-0.150293207208,0.00789176472965,-0.0107860603723,-0.0902688643012,-0.170446921248,-0.0491732547322,-0.0833767435084,-0.1203449504,0.0526055808218,-0.0121852795717,-0.152759703899,-0.146049080083,-0.158003419568,-0.153656010565,-0.149872378169,0.0440915394229,-0.0354055366192,0.355952239002,-0.445321896165,0.392006208097,0.319492660635,0.260441663748,-0.89242464384,1.0,-0.0847577615371,-0.0595071636242,-0.101300675691,-0.0970836166183,-0.0909392382392,-0.0693396956333,-0.0602541152517,0.393349834065,-0.344286117015,0.427748540287,0.364891884444,0.311845123457,-0.653280656956,0.68568424314,0.00756402283002,-0.117940880293,0.0529166014043,0.00168446736823,-0.0300436217964,0.0417642827695,0.0103097356535,-0.151455382199,-0.150416192527,-0.15253392613,-0.151519874267,-0.151043163992,0.0174983409234,-0.0223715600789
SLMT_mean,-0.00262309105781,0.0584904683426,-0.0175260611329,-0.00603089792042,0.00608822022452,-0.049564816523,-0.0643163517542,-0.193300598309,-0.196565030049,-0.188000208876,-0.192883458793,-0.194943936043,-0.00801922366516,0.0162307705722,-0.405841175389,-0.0441899714584,-0.416709705362,-0.412142148191,-0.391273325842,0.410706419164,-0.106227053026,-0.193300598309,-0.196565030049,-0.188000208876,-0.192883458793,-0.194943936043,-0.00801922366516,0.0162307705722,-0.555612065308,-0.228165971049,-0.518183769408,-0.539325121,-0.535680143915,0.559416703366,0.183661408728,-0.203265879923,-0.204244299215,-0.186463993469,-0.204845195363,-0.207756928719,0.0505913077317,0.208109337678,-0.323105981854,0.168483582323,-0.322194048142,-0.315358174786,-0.305968343646,0.143130265584,-0.0847577615371,1.0,0.672404618659,0.728240193076,0.876575881198,0.948500578994,-0.0765844962915,-0.0867010070763,-0.101400888175,0.0444681361319,-0.104126088377,-0.103960745387,-0.0951278972164,0.0402895809783,-0.0147462350321,-0.497529056547,-0.330735624414,-0.42871102888,-0.482173817735,-0.499963984335,0.279035417162,-0.00304038437556,-0.193138331869,-0.19529414851,-0.190487975741,-0.193009802027,-0.194000656403,0.00871597493848,0.00766992746304
SLMT_std,-0.00904181784452,0.0759667333473,-0.0350431512188,-0.0188844326572,0.00512053148793,-0.0075836686545,-0.0179488752868,-0.00614584986975,-0.011993895431,0.000476864072272,-0.00569789191091,-0.00838847581487,-0.00966415890544,0.0165701413095,-0.281521342296,0.0201600862506,-0.297438814773,-0.2833573681,-0.262890660823,0.282577020171,-0.0772435346729,-0.00614584986975,-0.011993895431,0.000476864072272,-0.00569789191091,-0.00838847581487,-0.00966415890544,0.0165701413095,-0.41486500845,-0.166343802934,-0.387883834719,-0.403269835018,-0.399997886233,0.413012849333,0.128935873059,-0.0201576128679,-0.0182837540672,-0.0152457644829,-0.0268724755564,-0.0175827432423,0.054368999634,0.197011056884,-0.166068416829,0.116322838074,-0.169505777838,-0.158016504981,-0.149093532117,0.0915382299007,-0.0595071636242,0.672404618659,1.0,0.311874472446,0.43173229084,0.535523580069,0.251526028705,0.203563311375,-0.0207202994881,0.0427349663514,-0.0272451104468,-0.0179736454704,-0.0104869516146,0.00331169631078,0.0076300465135,-0.340356343829,-0.175568415861,-0.307833047392,-0.336333947669,-0.330397081076,0.210702759846,-0.000840961013377,-0.00592469348623,-0.0110747118316,-0.000897264807345,-0.0056571522911,-0.00762506997088,-0.000342122846663,0.00324723842604
SLMT_25_quant,0.0351113372365,-0.0238441239471,0.0544390095793,0.0534666176163,0.0283607630396,-0.105595965991,-0.0598842828984,-0.303467349621,-0.306451346433,-0.298319624268,-0.303004028686,-0.304880126809,-0.00961320233128,0.0128875937757,-0.330476093395,-0.116907786941,-0.32502490619,-0.335615889986,-0.330761429835,0.308568560686,-0.0945881266809,-0.303467349621,-0.306451346433,-0.298319624268,-0.303004028686,-0.304880126809,-0.00961320233128,0.0128875937757,-0.308946134148,-0.110315273477,-0.294571090008,-0.300123218239,-0.290970106327,0.299342656815,0.069260297305,-0.304006962691,-0.312045377432,-0.27578976828,-0.300233542229,-0.310083076667,-0.0214452504939,0.111323285643,-0.449564938929,0.160468687991,-0.442190128513,-0.449236637488,-0.443577876506,0.178938183883,-0.101300675691,0.728240193076,0.311874472446,1.0,0.902112050315,0.741393039061,-0.148957658577,-0.127286931427,-0.267696416375,-0.000790992807858,-0.256717088899,-0.279895417431,-0.277494586733,0.134225133988,-0.0793943930747,-0.380365193899,-0.320056494657,-0.312465005552,-0.358504065055,-0.394401612431,0.147766625578,-0.012724942919,-0.303899022572,-0.305571345205,-0.301628745727,-0.303701238123,-0.304597624947,0.00280835203502,0.0057623814421
SLMT_50_quant,0.0103486347974,-0.00320997554201,0.0205612632103,0.0229092410824,0.00693440180396,-0.0765432797661,-0.0600900348371,-0.287599941375,-0.290399673582,-0.282529517861,-0.287079522482,-0.289046615732,-0.00880529476089,0.0150871461044,-0.373959063373,-0.0969730330382,-0.372811800689,-0.378449537856,-0.369586866016,0.362179914914,-0.104051494851,-0.287599941375,-0.290399673582,-0.282529517861,-0.287079522482,-0.289046615732,-0.00880529476089,0.0150871461044,-0.421840938282,-0.145551055673,-0.402392979605,-0.410209263562,-0.39918395675,0.423797606027,0.112122694103,-0.292608514491,-0.297126595686,-0.268356291777,-0.291155700019,-0.298444699628,0.0361259265532,0.153145245043,-0.392108254083,0.16816123932,-0.388841776349,-0.388114331814,-0.380073296779,0.164276967525,-0.0970836166183,0.876575881198,0.43173229084,0.902112050315,1.0,0.927259131669,-0.162430000681,-0.141158109582,-0.183967496017,0.0199048300905,-0.179459437305,-0.192800299449,-0.186792706862,0.0942487057238,-0.0558345819845,-0.451737003725,-0.347811083828,-0.377482544197,-0.429844405682,-0.463612613923,0.208762428219,-0.0118686305636,-0.287669882651,-0.289331669199,-0.28539808867,-0.287447134716,-0.288376086045,0.000685858894797,0.00692809824815
SLMT_75_quant,-0.00316568236718,0.0350726976809,-0.00806400039375,-0.0010933932486,-6.11467853018e-05,-0.0522087397112,-0.0606105587237,-0.228406818235,-0.230975568831,-0.223687388428,-0.227971177353,-0.229837515409,-0.00819997562228,0.0157572636619,-0.385491075383,-0.0751877484336,-0.389543655856,-0.391140465693,-0.377382886569,0.38982296732,-0.0972499546151,-0.228406818235,-0.230975568831,-0.223687388428,-0.227971177353,-0.229837515409,-0.00819997562228,0.0157572636619,-0.506655238163,-0.215119660748,-0.470438241345,-0.49087456949,-0.489521532228,0.517196323903,0.185390001003,-0.236380805293,-0.237693659764,-0.218017991453,-0.236690104878,-0.241325100941,0.0609940743833,0.17178172326,-0.335825943993,0.164940434649,-0.335050581159,-0.329900672835,-0.319780552823,0.150331241607,-0.0909392382392,0.948500578994,0.535523580069,0.741393039061,0.927259131669,1.0,-0.147333036651,-0.131104052747,-0.124043381166,0.0421225649109,-0.124624650316,-0.128520257661,-0.119536374853,0.0607549650952,-0.0336835726578,-0.474531972122,-0.336988326515,-0.40272926161,-0.45556167882,-0.482016687853,0.254493621416,-0.00256292410481,-0.228217429805,-0.229762749656,-0.22611353054,-0.228076971636,-0.228889031374,0.00826178189418,0.0109207970521
SLMT_skw,0.0239832735214,0.0964554240582,-0.00896129397966,0.00733113073448,0.0382195796525,0.00407704135893,-0.00300582117605,0.280728949763,0.27408850487,0.286470252634,0.280511987597,0.278461773778,-0.00665997524412,0.0230978828571,0.00243738627667,0.104203506996,-0.00591920395143,0.0108703772429,0.0167932424512,-0.020079645185,-0.00301271967532,0.280728949763,0.27408850487,0.286470252634,0.280511987597,0.278461773778,-0.00665997524412,0.0230978828571,-0.00780030904746,-0.00120178574639,-0.00733726901263,-0.00659705082574,-0.00788181558886,0.00193207275531,-0.0251163035738,0.278134128003,0.266897609458,0.275975520609,0.27624004935,0.276272682792,-0.00275853388511,-0.0265885343586,-0.0104169443543,0.0284003282899,-0.0156504090807,-0.00388895317239,0.000967009079203,0.0720358318578,-0.0693396956333,-0.0765844962915,0.251526028705,-0.148957658577,-0.162430000681,-0.147333036651,1.0,0.932732643507,-0.031428314938,0.0154010394093,-0.0387378996201,-0.0260035572408,-0.0203410380177,0.063635777972,-0.0510701638736,0.0219482527599,0.149035593499,-0.0214400534365,0.0263201767026,0.0612058835341,-0.0220814492477,-0.0147537090569,0.280266356702,0.27426710748,0.285870616252,0.280150343465,0.278215654338,0.00216314205018,0.0114349521182
SLMT_kts,0.0287974730438,0.0848478279897,0.000474611939174,0.0122876843807,0.0404768200735,0.0010132808098,0.000769514302493,0.268012768993,0.262281585902,0.272669012799,0.26777872869,0.266065524897,-0.00345732559694,0.013860550943,0.0334648740231,0.0720853272904,0.0292127422817,0.038707374475,0.0412367681348,-0.0424612452263,0.0118198027277,0.268012768993,0.262281585902,0.272669012799,0.26777872869,0.266065524897,-0.00345732559694,0.013860550943,0.0530977169242,-0.000891732406946,0.0579174435343,0.0531379796629,0.0455740194817,-0.0535212849535,0.000898778813556,0.267943533229,0.257824313179,0.264940353334,0.266529393436,0.266998137505,-0.0170030581899,-0.0451773464382,-0.00429326614453,0.0240122201347,-0.00867922756042,0.00118659250933,0.00488226636603,0.0602331242321,-0.0602541152517,-0.0867010070763,0.203563311375,-0.127286931427,-0.141158109582,-0.131104052747,0.932732643507,1.0,-0.0508046061168,0.0290700321612,-0.05748917464,-0.0453051376689,-0.0388200867973,0.0722011816419,-0.0595067471061,0.0687754465494,0.152407306511,0.0269586338587,0.0727020081529,0.100387465039,-0.0477277188883,0.00556722405423,0.267573567732,0.262350688505,0.272259252853,0.267510331409,0.265774046417,0.00304288576281,0.00765171506246
SLS_mean,-0.152433191558,-0.0961514393759,-0.126526201609,-0.152299252577,-0.163728778537,0.186032444201,0.0801187102517,0.00719930745681,0.0104204190511,0.00322795363149,0.00727075269399,0.00854856159837,0.00095970703266,0.00970615773621,0.00940887074364,0.0624817003571,0.00730677969235,0.016938272934,0.0168398585383,-0.0137060017741,-0.0528960506491,0.00719930745681,0.0104204190511,0.00322795363149,0.00727075269399,0.00854856159837,0.00095970703266,0.00970615773621,-0.270825811025,-0.0463771046341,-0.286967686798,-0.27639281247,-0.247008122225,0.259983203945,-0.211366875769,-0.00763246688531,0.0112902314859,-0.034181331651,-0.016188010198,-0.00194603402296,0.162045016625,-0.0600528847369,0.894018526969,-0.395308748889,0.890844500544,0.882754205755,0.854597830207,-0.551198754609,0.393349834065,-0.101400888175,-0.0207202994881,-0.267696416375,-0.183967496017,-0.124043381166,-0.031428314938,-0.0508046061168,1.0,-0.22425642555,0.97995944571,0.990370200954,0.969445151807,-0.618117218386,0.444463804204,-0.1030785735,-0.0757691096247,-0.0729685670504,-0.120998617024,-0.120748554644,0.167995180653,-0.064211986896,0.00800537698783,0.00958876124467,0.00616235234815,0.00806182667679,0.0086930838904,-0.0131736882326,-0.0340458856972
SLS_std,0.0281064388967,0.127864210856,-0.0143313889315,-0.000915795828959,0.0416866520988,0.00501790000805,-0.0315421554741,0.177488422332,0.176279218627,0.179005392409,0.177398792217,0.176957135747,-0.013088646458,-0.00724649378338,0.0633508310734,0.11260472616,0.0437088283302,0.0554879767374,0.0747801233222,0.0185702837655,0.00569108349439,0.177488422332,0.176279218627,0.179005392409,0.177398792217,0.176957135747,-0.013088646458,-0.00724649378338,0.211348978647,0.307225778698,0.143254359902,0.197439429493,0.257078991661,-0.12226602482,0.0123877769465,0.179265826157,0.183316187638,0.167623004255,0.177099825222,0.181790662225,0.00763803978947,0.00197639935496,-0.0736734936597,0.753858972606,-0.134421632566,-0.00294571202145,0.0858883222284,0.257722132462,-0.344286117015,0.0444681361319,0.0427349663514,-0.000790992807858,0.0199048300905,0.0421225649109,0.0154010394093,0.0290700321612,-0.22425642555,1.0,-0.337442578736,-0.138497057712,0.00120980535199,0.423884318765,-0.520819993799,0.164761228577,0.34896638905,0.055788415106,0.135470107413,0.226049611357,0.0599355825738,-0.0143975140084,0.177568206823,0.177128800139,0.178037617653,0.177605940753,0.177403669054,-0.0211166225301,0.0153530175598
SLS_25_quant,-0.147547097873,-0.118633146646,-0.113896779494,-0.140899920487,-0.161303390968,0.173978279684,0.0821609655639,-0.0380232454541,-0.0347122566949,-0.0421036440699,-0.0379397899766,-0.0366276687314,0.00426635792154,0.00681936742635,0.00820811032945,0.0396313628162,0.00978574782177,0.016061540095,0.0120999391884,-0.0210129904339,-0.0473261796853,-0.0380232454541,-0.0347122566949,-0.0421036440699,-0.0379397899766,-0.0366276687314,0.00426635792154,0.00681936742635,-0.292763983559,-0.104858991111,-0.29299875091,-0.295511414553,-0.281041890757,0.269906070061,-0.194367417217,-0.0508876265013,-0.0345893209323,-0.0721673577645,-0.0583322262385,-0.0460639729347,0.145027974606,-0.0519685861978,0.85450070028,-0.462690850287,0.874438521166,0.836638828346,0.788629711701,-0.593475775373,0.427748540287,-0.104126088377,-0.0272451104468,-0.256717088899,-0.179459437305,-0.124624650316,-0.0387378996201,-0.05748917464,0.97995944571,-0.337442578736,1.0,0.965071427885,0.911169728216,-0.697320189175,0.504764445495,-0.118151882448,-0.131992196597,-0.0687963289197,-0.131731234255,-0.150044857931,0.16059707596,-0.0558568541625,-0.0373046374212,-0.0357209921634,-0.0391427949044,-0.0372754797069,-0.0366234499433,-0.00679085819575,-0.0349493425035
SLS_50_quant,-0.149092087271,-0.0843518145882,-0.126997408604,-0.151548932657,-0.159478127888,0.186770133836,0.0790720232387,0.0243434554075,0.0275237354071,0.0203947284638,0.0244380402958,0.0256810730759,-0.00101273584265,0.00945866279542,0.0176053816803,0.0742472965602,0.0141259997376,0.0245482841097,0.0256191105281,-0.0145415716811,-0.0508272363641,0.0243434554075,0.0275237354071,0.0203947284638,0.0244380402958,0.0256810730759,-0.00101273584265,0.00945866279542,-0.263732958933,-0.0303517048168,-0.283169901487,-0.271911653928,-0.237776496655,0.261102645176,-0.208890878529,0.00966704735378,0.0292046313927,-0.0183608308384,0.000800597075918,0.015796092161,0.162281391891,-0.0628875649087,0.893263885299,-0.339164457229,0.890945183913,0.893020451147,0.863142956997,-0.540294562878,0.364891884444,-0.103960745387,-0.0179736454704,-0.279895417431,-0.192800299449,-0.128520257661,-0.0260035572408,-0.0453051376689,0.990370200954,-0.138497057712,0.965071427885,1.0,0.977355685012,-0.60269072436,0.400115273078,-0.0904447878557,-0.045011115172,-0.0690053238715,-0.113657198427,-0.103762887573,0.180776784337,-0.0670700203134,0.0251679700874,0.0266850233006,0.0234005881511,0.0252384242574,0.0258333250295,-0.0160121664673,-0.0313681219663
SLS_75_quant,-0.148884179619,-0.0614711744954,-0.134677129441,-0.157053292226,-0.156255284944,0.191665196724,0.0733642327804,0.0655291868207,0.0684766050292,0.061872628178,0.065578431867,0.0667622818811,-0.00289210545554,0.0105615699391,0.0200380661628,0.0938220079966,0.0126650953333,0.0261947728825,0.0312898465162,-0.00696782789978,-0.0522790950625,0.0655291868207,0.0684766050292,0.061872628178,0.065578431867,0.0667622818811,-0.00289210545554,0.0105615699391,-0.226711431897,0.0344884553515,-0.262492034886,-0.236828281964,-0.18872183014,0.237999364218,-0.219307002164,0.0499240292327,0.0709399273784,0.0183502465823,0.0404121535231,0.0565108265075,0.172021829172,-0.0654205917863,0.897547375575,-0.238030140726,0.873400791399,0.902197924169,0.898878683609,-0.480045604815,0.311845123457,-0.0951278972164,-0.0104869516146,-0.277494586733,-0.186792706862,-0.119536374853,-0.0203410380177,-0.0388200867973,0.969445151807,0.00120980535199,0.911169728216,0.977355685012,1.0,-0.500667596001,0.317514947715,-0.0681817381507,0.0152057623286,-0.0677651088649,-0.0938846956585,-0.0672298624799,0.182871006858,-0.0705937884201,0.0663990976677,0.0678823773751,0.0646575766675,0.0664901084276,0.067054422321,-0.0212928664815,-0.0305526005057
SLS_skw,0.0729451984321,0.128740969208,0.0339519500955,0.052773909812,0.0857820324317,-0.0664555389016,-0.044586553382,0.203796657292,0.201867492932,0.205912151278,0.203735583323,0.202926291221,-0.0066811309047,0.0134285589241,0.0147163290886,0.0320162021606,0.00590215322051,0.00901640261206,0.0202205873117,0.0129652133321,0.0040403835126,0.203796657292,0.201867492932,0.205912151278,0.203735583323,0.202926291221,-0.0066811309047,0.0134285589241,0.309288775845,0.314452949487,0.244625607696,0.292641313665,0.342436708871,-0.231369585463,0.0368117503975,0.206969205979,0.202353725294,0.205967275383,0.209198139505,0.205445579217,-0.0584056404639,0.00392742166162,-0.483409738793,0.421434133716,-0.54283114393,-0.460832409397,-0.383487345409,0.765286758507,-0.653280656956,0.0402895809783,0.00331169631078,0.134225133988,0.0942487057238,0.0607549650952,0.063635777972,0.0722011816419,-0.618117218386,0.423884318765,-0.697320189175,-0.60269072436,-0.500667596001,1.0,-0.884341678786,0.136108542271,0.28202107686,0.0403746725921,0.131609932761,0.196164715685,-0.108052706804,-0.00463377568804,0.203846178282,0.20289750394,0.204830010496,0.203887948949,0.203438854901,-0.0133186412627,0.030118244162
SLS_kts,-0.0408381552473,-0.0963092504003,-0.0115298527634,-0.0230690964514,-0.0482097272374,0.024669884181,0.0221579316094,-0.187078919729,-0.185690816361,-0.18857812544,-0.187130372052,-0.186440985726,0.00967402188229,-0.00983688503465,-0.0508729894728,-0.0475926145469,-0.0422093549633,-0.0447722929501,-0.0547430798607,0.0105616583342,-0.002068811529,-0.187078919729,-0.185690816361,-0.18857812544,-0.187130372052,-0.186440985726,0.00967402188229,-0.00983688503465,-0.273141363829,-0.32954164901,-0.20204662894,-0.249859847022,-0.309683454538,0.177293932692,-0.00264590396552,-0.190334734356,-0.187841209086,-0.18675416532,-0.191524857611,-0.189793300657,0.0449470928592,0.00682638035114,0.326904480772,-0.469718877382,0.364553242747,0.286649421572,0.228474913797,-0.640731864099,0.68568424314,-0.0147462350321,0.0076300465135,-0.0793943930747,-0.0558345819845,-0.0336835726578,-0.0510701638736,-0.0595067471061,0.444463804204,-0.520819993799,0.504764445495,0.400115273078,0.317514947715,-0.884341678786,1.0,-0.144879567366,-0.287367619788,-0.0529627636034,-0.12960918569,-0.195140518117,0.0487643630695,0.0225254366929,-0.187307091003,-0.18650054008,-0.188137919302,-0.18738576028,-0.186970215738,0.0203350009346,-0.0266703201038
TC_mean,0.0686107437747,-0.0110324870229,0.0647620692438,0.0589274209677,0.0655757710095,0.00933513713966,0.0681516409858,0.175747523863,0.178692271671,0.171062536861,0.175401273584,0.177075313865,0.0119962640854,-0.0254308934186,0.64956476325,-0.0649222088095,0.664895438624,0.631436249,0.605236548389,-0.547066270089,0.280003306989,0.175747523863,0.178692271671,0.171062536861,0.175401273584,0.177075313865,0.0119962640854,-0.0254308934186,0.789025406824,0.145892973766,0.80452357088,0.790909660688,0.724724417956,-0.759367331999,0.169923992432,0.193544198602,0.191079668905,0.182763968384,0.198152512455,0.19741518611,-0.120612157738,-0.17258184793,0.264118986011,-0.0529223865761,0.259152305676,0.263005542788,0.265800559799,-0.0779952289488,0.00756402283002,-0.497529056547,-0.340356343829,-0.380365193899,-0.451737003725,-0.474531972122,0.0219482527599,0.0687754465494,-0.1030785735,0.164761228577,-0.118151882448,-0.0904447878557,-0.0681817381507,0.136108542271,-0.144879567366,1.0,0.47970510659,0.929847293212,0.980023146243,0.962152260245,-0.516835154973,0.083649217014,0.175960155527,0.177857217448,0.173515131413,0.17579375767,0.176644453174,0.010379352289,-0.0282988369621
TC_std,0.0584770897943,0.148264637588,0.0135071260075,0.0202748414202,0.0685868767573,0.0205372410343,0.00324201666334,0.329785374795,0.331484158825,0.326893626901,0.329515743865,0.330437613808,0.000796364683187,-0.00508135306416,0.278547842375,0.16262484268,0.262164042962,0.269871626726,0.287188853682,-0.17738949882,0.0212718575759,0.329785374795,0.331484158825,0.326893626901,0.329515743865,0.330437613808,0.000796364683187,-0.00508135306416,0.491005402539,0.406452924334,0.404656608236,0.475574539365,0.534537219881,-0.393724802583,-0.1079589588,0.337937091712,0.342899049305,0.309993140312,0.338182411707,0.344859253169,-0.0548839388583,-0.139116172689,0.171218053503,0.0679136511911,0.146242552352,0.184567730185,0.207032784257,0.0852612537839,-0.117940880293,-0.330735624414,-0.175568415861,-0.320056494657,-0.347811083828,-0.336988326515,0.149035593499,0.152407306511,-0.0757691096247,0.34896638905,-0.131992196597,-0.045011115172,0.0152057623286,0.28202107686,-0.287367619788,0.47970510659,1.0,0.178183697102,0.46070934048,0.661371991963,-0.101115126084,-0.105466270726,0.330347309886,0.331323161271,0.329205485339,0.330281569578,0.330636846289,-0.015093265051,0.0114364515486
TC_25_quant,0.0533979397212,-0.0608746964088,0.063839630913,0.055443498905,0.0470020746866,0.00712568959347,0.0726868216696,0.0853068893726,0.0880476974386,0.0810106908699,0.0850107640198,0.0865749175662,0.0126793139132,-0.0263920948751,0.611840504599,-0.119412718415,0.63622771694,0.595494219236,0.560392376007,-0.537487422598,0.295515554134,0.0853068893726,0.0880476974386,0.0810106908699,0.0850107640198,0.0865749175662,0.0126793139132,-0.0263920948751,0.68188425659,0.0103363225162,0.732617041381,0.689758169562,0.592781238992,-0.684425263881,0.223936750989,0.101563967522,0.0973445533373,0.0988792617713,0.106401191324,0.103438311174,-0.108432849659,-0.141411031597,0.24115480531,-0.0867409157781,0.245125905861,0.235622691019,0.229665549165,-0.121716407595,0.0529166014043,-0.42871102888,-0.307833047392,-0.312465005552,-0.377482544197,-0.40272926161,-0.0214400534365,0.0269586338587,-0.0729685670504,0.055788415106,-0.0687963289197,-0.0690053238715,-0.0677651088649,0.0403746725921,-0.0529627636034,0.929847293212,0.178183697102,1.0,0.913543871552,0.81315096268,-0.539823790004,0.123640722663,0.0853540865249,0.0871868395448,0.0829594195283,0.0851688937554,0.0860336090462,0.0180107118889,-0.0364303347351
TC_50_quant,0.0715647332732,-0.00878724864107,0.0670105140191,0.0628592606688,0.0692090901603,0.00380091088087,0.0631292486213,0.160989549399,0.163776815282,0.15653473212,0.160691868474,0.162269890192,0.0107745220423,-0.0243530222507,0.625595625248,-0.0696386947196,0.642902666015,0.611385501635,0.58196548226,-0.539059326667,0.269793267072,0.160989549399,0.163776815282,0.15653473212,0.160691868474,0.162269890192,0.0107745220423,-0.0243530222507,0.782356822256,0.117472864211,0.805651858556,0.791320084547,0.711523898714,-0.763492841563,0.181562375672,0.180132463794,0.173614592735,0.175847122186,0.18555376103,0.182331403272,-0.133413472436,-0.1635248702,0.242880639922,-0.0514213772374,0.238458474531,0.241147109391,0.243765490318,-0.065803620371,0.00168446736823,-0.482173817735,-0.336333947669,-0.358504065055,-0.429844405682,-0.45556167882,0.0263201767026,0.0727020081529,-0.120998617024,0.135470107413,-0.131731234255,-0.113657198427,-0.0938846956585,0.131609932761,-0.12960918569,0.980023146243,0.46070934048,0.913543871552,1.0,0.942069994792,-0.568224824329,0.0763768485172,0.161143425485,0.162944513718,0.158806838534,0.161012208931,0.161793707962,0.00922547175461,-0.0277785888265
TC_75_quant,0.0755404554575,0.0315365176288,0.0594525835028,0.0576942816324,0.0767411442596,0.00832337421124,0.0538990437819,0.232918684595,0.235739257313,0.228304944595,0.232566235502,0.234177424187,0.0107748061822,-0.0223186070705,0.613130754937,-0.0110820220421,0.620813495416,0.596320663853,0.580236953594,-0.50429514678,0.237380851747,0.232918684595,0.235739257313,0.228304944595,0.232566235502,0.234177424187,0.0107748061822,-0.0223186070705,0.794513379954,0.225120538489,0.784577068059,0.794028273607,0.755114783123,-0.7459456892,0.114356923646,0.250441667661,0.248112490399,0.236425443036,0.254432608395,0.254823300731,-0.120131062792,-0.174311179781,0.253423714147,-0.0257352741514,0.242403934438,0.255676217183,0.264336627167,-0.0326752299649,-0.0300436217964,-0.499963984335,-0.330397081076,-0.394401612431,-0.463612613923,-0.482016687853,0.0612058835341,0.100387465039,-0.120748554644,0.226049611357,-0.150044857931,-0.103762887573,-0.0672298624799,0.196164715685,-0.195140518117,0.962152260245,0.661371991963,0.81315096268,0.942069994792,1.0,-0.487870289177,0.0363900656428,0.233196789295,0.234975814558,0.230909023315,0.233052455046,0.233822290251,0.00501266542057,-0.0199210149667
TC_skw,-0.0655370110305,0.00596595092314,-0.0608094513399,-0.0671196150464,-0.0693671905694,0.0398074966317,-0.0583300588258,-0.0267603291174,-0.0277194863527,-0.0248990292612,-0.0266042422994,-0.0273805464743,-0.0080122431198,0.0118331257913,-0.307293167289,0.0511842235568,-0.324062279714,-0.308360960277,-0.285916240873,0.380288595573,-0.232161428961,-0.0267603291174,-0.0277194863527,-0.0248990292612,-0.0266042422994,-0.0273805464743,-0.0080122431198,0.0118331257913,-0.47359724949,0.0171525535359,-0.510085442884,-0.484779097912,-0.406663426277,0.5362806621,-0.212596328533,-0.0403948043708,-0.0245807011758,-0.0573755194089,-0.0454470702588,-0.0364736115398,0.10637111581,0.056182561869,-0.0488729913145,0.0195042998244,-0.0418469415684,-0.0444334762606,-0.0491224633607,-0.0396277536127,0.0417642827695,0.279035417162,0.210702759846,0.147766625578,0.208762428219,0.254493621416,-0.0220814492477,-0.0477277188883,0.167995180653,0.0599355825738,0.16059707596,0.180776784337,0.182871006858,-0.108052706804,0.0487643630695,-0.516835154973,-0.101115126084,-0.539823790004,-0.568224824329,-0.487870289177,1.0,-0.470481865765,-0.0266226886058,-0.0270862124372,-0.0258543357894,-0.0266657043922,-0.0268553339484,0.00661010261004,0.0171736088405
TC_kts,0.0211767221508,0.0155375441732,0.0112197811754,0.0195725878851,0.0261645120368,-0.0253348992808,0.0354983246374,-0.00254108147222,-0.00236983445698,-0.00280150484691,-0.00251985717296,-0.00248480350717,-0.000576004457217,-0.000966695592078,0.0412587387762,-0.0590742629587,0.0464471874594,0.0382713424495,0.0297438413577,-0.0698075078778,0.199858268311,-0.00254108147222,-0.00236983445698,-0.00280150484691,-0.00251985717296,-0.00248480350717,-0.000576004457217,-0.000966695592078,0.0503444974301,-0.11728755178,0.0923642972008,0.0475315443529,0.00502238948094,-0.0973442739229,0.23712432825,-0.00188809955606,-0.00143990999373,-0.00153543499102,-0.00134385049043,-0.00185916134563,-0.00626764770907,-0.00207536440717,-0.00683437137044,0.0111325567046,-0.0122513231482,-0.0111412552499,-0.00645629887397,0.0016385934309,0.0103097356535,-0.00304038437556,-0.000840961013377,-0.012724942919,-0.0118686305636,-0.00256292410481,-0.0147537090569,0.00556722405423,-0.064211986896,-0.0143975140084,-0.0558568541625,-0.0670700203134,-0.0705937884201,-0.00463377568804,0.0225254366929,0.083649217014,-0.105466270726,0.123640722663,0.0763768485172,0.0363900656428,-0.470481865765,1.0,-0.00264201926754,-0.00243848812159,-0.00287008766534,-0.0026690472583,-0.00257945783002,0.00447922553468,-0.0031579995767
TS_mean,-0.032856562336,0.195385015871,-0.107685273154,-0.0838816658258,-0.00472533941554,0.11494062936,0.0371766731615,0.999581833951,0.99942654758,0.996746459412,0.998966711504,0.999578888993,-0.0123051276461,0.0430761388501,0.0647441393163,0.0543536369943,0.0527693196673,0.0622606923259,0.0707215232797,-0.0217919390196,0.0345346420158,0.999581833951,0.99942654758,0.996746459412,0.998966711504,0.999578888993,-0.0123051276461,0.0430761388501,0.0937120577878,0.0261230993293,0.0906767312582,0.0896042504616,0.09080080812,-0.0756898131577,-0.00427746001137,0.994220469684,0.994914605513,0.956524751633,0.986033824124,0.994447406986,-0.0149937212177,-0.139657098827,0.117732279565,0.0585047914005,0.0868643166591,0.127024658569,0.156281061579,0.153652634671,-0.151455382199,-0.193138331869,-0.00592469348623,-0.303899022572,-0.287669882651,-0.228217429805,0.280266356702,0.267573567732,0.00800537698783,0.177568206823,-0.0373046374212,0.0251679700874,0.0663990976677,0.203846178282,-0.187307091003,0.175960155527,0.330347309886,0.0853540865249,0.161143425485,0.233196789295,-0.0266226886058,-0.00264201926754,1.0,0.999764889324,0.99954935783,0.999938826939,0.999957193835,-0.0300237322299,0.0165307162459
TS_std,-0.0331682074618,0.195483985817,-0.108104800951,-0.0842890041101,-0.00501218324504,0.115424074748,0.0372466081801,0.999351137633,0.999651106514,0.995953371151,0.998644485413,0.999512464718,-0.00845490345489,0.0409745460302,0.0662127933534,0.0544309293998,0.0542571655996,0.0636997313441,0.0721159839666,-0.023072789575,0.0351224997939,0.999351137633,0.999651106514,0.995953371151,0.998644485413,0.999512464718,-0.00845490345489,0.0409745460302,0.095125690356,0.0264310238413,0.0920994062575,0.0909848577974,0.0921027195972,-0.0770296005642,-0.00411761006948,0.994095030336,0.995250251785,0.955815712684,0.985836017681,0.994536427943,-0.0140195108074,-0.14110204533,0.120185360361,0.0568263467016,0.0893433366449,0.129308234757,0.158519881074,0.152404303244,-0.150416192527,-0.19529414851,-0.0110747118316,-0.305571345205,-0.289331669199,-0.229762749656,0.27426710748,0.262350688505,0.00958876124467,0.177128800139,-0.0357209921634,0.0266850233006,0.0678823773751,0.20289750394,-0.18650054008,0.177857217448,0.331323161271,0.0871868395448,0.162944513718,0.234975814558,-0.0270862124372,-0.00243848812159,0.999764889324,1.0,0.998724074573,0.99960649592,0.999894847688,-0.0192689828199,0.00883510624746
TS_25_quant,-0.0323740951586,0.195329797366,-0.107045425761,-0.0833250402223,-0.00430950125948,0.114303804847,0.0370846770382,0.999121809232,0.998407006055,0.997109542869,0.998584310217,0.998907337652,-0.0169285212567,0.0470674890932,0.0628939622711,0.0543091223084,0.0508751657779,0.0604332687402,0.0689648247705,-0.0200435689043,0.0338361718729,0.999121809232,0.998407006055,0.997109542869,0.998584310217,0.998907337652,-0.0169285212567,0.0470674890932,0.0919765343305,0.0259583677351,0.088876391941,0.0878836615389,0.089221966558,-0.0739962533121,-0.00446494064521,0.993639863701,0.993783864024,0.956709431398,0.985548264649,0.993599649029,-0.0162409414163,-0.137694127892,0.11478511045,0.0603970796213,0.0838916147872,0.124276297916,0.153565887368,0.154992926898,-0.15253392613,-0.190487975741,-0.000897264807345,-0.301628745727,-0.28539808867,-0.22611353054,0.285870616252,0.272259252853,0.00616235234815,0.178037617653,-0.0391427949044,0.0234005881511,0.0646575766675,0.204830010496,-0.188137919302,0.173515131413,0.329205485339,0.0829594195283,0.158806838534,0.230909023315,-0.0258543357894,-0.00287008766534,0.99954935783,0.998724074573,1.0,0.999568670617,0.999276005908,-0.0427931525441,0.0325709856003
TS_50_quant,-0.0327735073126,0.195247469082,-0.107559069828,-0.0837620305413,-0.00464275606987,0.114797478244,0.0371510359822,0.999516120844,0.999266982625,0.996765061952,0.999013741368,0.999475358259,-0.0149189388036,0.0431728992604,0.064578933346,0.0542764660064,0.0526292155598,0.0621024652147,0.0705588000345,-0.0216983164458,0.0344772366462,0.999516120844,0.999266982625,0.996765061952,0.999013741368,0.999475358259,-0.0149189388036,0.0431728992604,0.093662412709,0.0262675138888,0.0905706061993,0.0895550875762,0.0907952588306,-0.0756579601223,-0.00442943702759,0.994114265295,0.994714401207,0.956543744914,0.985987761213,0.994282916291,-0.015514276253,-0.139352735881,0.117680028332,0.058687257093,0.0867772994788,0.127016279257,0.15628015958,0.15371619974,-0.151519874267,-0.193009802027,-0.0056571522911,-0.303701238123,-0.287447134716,-0.228076971636,0.280150343465,0.267510331409,0.00806182667679,0.177605940753,-0.0372754797069,0.0252384242574,0.0664901084276,0.203887948949,-0.18738576028,0.17579375767,0.330281569578,0.0851688937554,0.161012208931,0.233052455046,-0.0266657043922,-0.0026690472583,0.999938826939,0.99960649592,0.999568670617,1.0,0.99985597777,-0.0377672945884,0.0170876519119
TS_75_quant,-0.0329326790876,0.1953617698,-0.107776179612,-0.0839764167544,-0.0048000987593,0.115076211685,0.0372104593915,0.999540494377,0.999552650184,0.996483683551,0.998887929265,0.999618184104,-0.0111722191286,0.0416348897569,0.0653049629897,0.0543841967211,0.0533396049473,0.062816392023,0.0712546198955,-0.022315117457,0.0347335358621,0.999540494377,0.999552650184,0.996483683551,0.998887929265,0.999618184104,-0.0111722191286,0.0416348897569,0.0942829711063,0.0262231079555,0.0912541540809,0.0901608670696,0.0913256652769,-0.0762297090128,-0.0042373185397,0.9941885345,0.995073986444,0.956245603177,0.985960295952,0.994512475965,-0.0146249959605,-0.140276303946,0.118741009454,0.0579041343752,0.0878818505349,0.127977960869,0.157219822574,0.153134440123,-0.151043163992,-0.194000656403,-0.00762506997088,-0.304597624947,-0.288376086045,-0.228889031374,0.278215654338,0.265774046417,0.0086930838904,0.177403669054,-0.0366234499433,0.0258333250295,0.067054422321,0.203438854901,-0.186970215738,0.176644453174,0.330636846289,0.0860336090462,0.161793707962,0.233822290251,-0.0268553339484,-0.00257945783002,0.999957193835,0.999894847688,0.999276005908,0.99985597777,1.0,-0.0268389252445,0.0111068032343
TS_skw,-0.0140525481151,0.0078686205724,-0.0181326623479,-0.0150473448978,-0.0134610160803,0.0128501747428,1.7930432268e-06,-0.0289480841973,-0.0194668003307,-0.039848801525,-0.0358988203338,-0.0262296950344,0.325519247024,0.000133731980456,0.00870136213907,0.00042313151509,0.00772013950909,0.008369555935,0.00795835478473,-0.00643690388569,0.00798668453432,-0.0289480841973,-0.0194668003307,-0.039848801525,-0.0358988203338,-0.0262296950344,0.325519247024,0.000133731980456,-0.0120125587907,-0.0322842903175,-0.00151751910323,-0.0102066545525,-0.0173246601313,0.00798977690507,0.0258850296946,-0.0246033169648,-0.0169902558878,-0.033627140434,-0.028659975267,-0.0207868570661,0.0727299931769,-0.0252218382359,-0.00965452489203,-0.0246490593413,-0.00464142517012,-0.0151647115703,-0.0183536839169,-0.0136183876006,0.0174983409234,0.00871597493848,-0.000342122846663,0.00280835203502,0.000685858894797,0.00826178189418,0.00216314205018,0.00304288576281,-0.0131736882326,-0.0211166225301,-0.00679085819575,-0.0160121664673,-0.0212928664815,-0.0133186412627,0.0203350009346,0.010379352289,-0.015093265051,0.0180107118889,0.00922547175461,0.00501266542057,0.00661010261004,0.00447922553468,-0.0300237322299,-0.0192689828199,-0.0427931525441,-0.0377672945884,-0.0268389252445,1.0,-0.0662947962594
TS_kts,0.00435183370336,0.027557749409,-0.00195281354614,-0.00148910224431,0.00790416788096,-0.00167954139212,-0.00298113497877,0.0164289179684,0.00950511092897,0.0303070903746,0.0172979059865,0.011708628735,-0.0316774962055,0.236007905816,-0.0242612789074,0.014275962782,-0.0272071115053,-0.0238884301353,-0.0202643596094,0.0249546787198,-0.0111594250146,0.0164289179684,0.00950511092897,0.0303070903746,0.0172979059865,0.011708628735,-0.0316774962055,0.236007905816,-0.00829549093631,0.00691825700801,-0.0103925859971,-0.0091104375528,-0.00790303620874,0.010257326013,0.000340917054563,0.017184560979,0.0102242166312,0.0280539580099,0.0187432834507,0.0129763025074,-0.0179826739291,0.0378696892319,-0.0369940275408,0.0182730434295,-0.038841725641,-0.0351641154967,-0.0339517077323,0.0294130983469,-0.0223715600789,0.00766992746304,0.00324723842604,0.0057623814421,0.00692809824815,0.0109207970521,0.0114349521182,0.00765171506246,-0.0340458856972,0.0153530175598,-0.0349493425035,-0.0313681219663,-0.0305526005057,0.030118244162,-0.0266703201038,-0.0282988369621,0.0114364515486,-0.0364303347351,-0.0277785888265,-0.0199210149667,0.0171736088405,-0.0031579995767,0.0165307162459,0.00883510624746,0.0325709856003,0.0170876519119,0.0111068032343,-0.0662947962594,1.0
